PokedexNumber,Name,Type,Total,HP,Attack,Defense,SpecialAttack,SpecialDefense,Speed,Type_P,Type_S,Mega,legendary,GENERATION,Stage,EVS,FAMILY_ID,IS STUPID
1,Bulbasaur,"['Grass', 'Poison']",318,45,49,49,65,65,45,Grass,Poison,0,0,1,1,TRUE,1,
2,Ivysaur,"['Grass', 'Poison']",405,60,62,63,80,80,60,Grass,Poison,0,0,1,2,TRUE,1,
3,VenusaurMega Venusaur,"['Grass', 'Poison']",625,80,100,123,122,120,80,Grass,Poison,1,0,1,3,TRUE,1,
3,Venusaur,"['Grass', 'Poison']",525,80,82,83,100,100,80,Grass,Poison,0,0,1,3,TRUE,1,
4,Charmander,['Fire'],309,39,52,43,60,50,65,Fire,Fire,0,0,1,1,TRUE,2,
5,Charmeleon,['Fire'],405,58,64,58,80,65,80,Fire,Fire,0,0,1,2,TRUE,2,
6,CharizardMega Charizard X,"['Fire', 'Dragon']",634,78,130,111,130,85,100,Fire,Dragon,1,0,1,3,TRUE,2,
6,CharizardMega Charizard Y,"['Fire', 'Flying']",634,78,104,78,159,115,100,Fire,Flying,1,0,1,3,TRUE,2,
6,Charizard,"['Fire', 'Flying']",534,78,84,78,109,85,100,Fire,Flying,0,0,1,3,TRUE,2,
7,Squirtle,['Water'],314,44,48,65,50,64,43,Water,Water,0,0,1,1,TRUE,3,
8,Wartortle,['Water'],405,59,63,80,65,80,58,Water,Water,0,0,1,2,TRUE,3,
9,BlastoiseMega Blastoise,['Water'],630,79,103,120,135,115,78,Water,Water,1,0,1,3,TRUE,3,
9,Blastoise,['Water'],530,79,83,100,85,105,78,Water,Water,0,0,1,3,TRUE,3,
10,Caterpie,['Bug'],195,45,30,35,20,20,45,Bug,Bug,0,0,1,1,TRUE,4,
11,Metapod,['Bug'],205,50,20,55,25,25,30,Bug,Bug,0,0,1,2,TRUE,4,
12,Butterfree,"['Bug', 'Flying']",395,60,45,50,90,80,70,Bug,Flying,0,0,1,3,TRUE,4,
13,Weedle,"['Bug', 'Poison']",195,40,35,30,20,20,50,Bug,Poison,0,0,1,1,TRUE,5,
14,Kakuna,"['Bug', 'Poison']",205,45,25,50,25,25,35,Bug,Poison,0,0,1,2,TRUE,5,
15,BeedrillMega Beedrill,"['Bug', 'Poison']",495,65,150,40,15,80,145,Bug,Poison,1,0,1,3,TRUE,5,
15,Beedrill,"['Bug', 'Poison']",395,65,90,40,45,80,75,Bug,Poison,0,0,1,3,TRUE,5,
16,Pidgey,"['Normal', 'Flying']",251,40,45,40,35,35,56,Normal,Flying,0,0,1,1,TRUE,6,
17,Pidgeotto,"['Normal', 'Flying']",349,63,60,55,50,50,71,Normal,Flying,0,0,1,2,TRUE,6,
18,PidgeotMega Pidgeot,"['Normal', 'Flying']",579,83,80,80,135,80,121,Normal,Flying,1,0,1,3,TRUE,6,
18,Pidgeot,"['Normal', 'Flying']",479,83,80,75,70,70,101,Normal,Flying,0,0,1,3,TRUE,6,
19,Rattata,['Normal'],253,30,56,35,25,35,72,Normal,Normal,0,0,1,1,TRUE,7,
20,Raticate,['Normal'],413,55,81,60,50,70,97,Normal,Normal,0,0,1,2,TRUE,7,
21,Spearow,"['Normal', 'Flying']",262,40,60,30,31,31,70,Normal,Flying,0,0,1,1,TRUE,8,
22,Fearow,"['Normal', 'Flying']",442,65,90,65,61,61,100,Normal,Flying,0,0,1,2,TRUE,8,
23,Ekans,['Poison'],288,35,60,44,40,54,55,Poison,Poison,0,0,1,1,TRUE,9,
24,Arbok,['Poison'],438,60,85,69,65,79,80,Poison,Poison,0,0,1,2,TRUE,9,
25,Pikachu,['Electric'],320,35,55,40,50,50,90,Electric,Electric,0,0,1,2,TRUE,10,
26,Raichu,['Electric'],485,60,90,55,90,80,110,Electric,Electric,0,0,1,3,TRUE,10,
27,Sandshrew,['Ground'],300,50,75,85,20,30,40,Ground,Ground,0,0,1,1,TRUE,11,
28,Sandslash,['Ground'],450,75,100,110,45,55,65,Ground,Ground,0,0,1,2,TRUE,11,
29,NidoranF,['Poison'],275,55,47,52,40,40,41,Poison,Poison,0,0,1,1,TRUE,12,
30,Nidorina,['Poison'],365,70,62,67,55,55,56,Poison,Poison,0,0,1,2,TRUE,12,
31,Nidoqueen,"['Poison', 'Ground']",505,90,92,87,75,85,76,Poison,Ground,0,0,1,3,TRUE,12,
32,NidoranM,['Poison'],273,46,57,40,40,40,50,Poison,Poison,0,0,1,1,TRUE,13,
33,Nidorino,['Poison'],365,61,72,57,55,55,65,Poison,Poison,0,0,1,2,TRUE,13,
34,Nidoking,"['Poison', 'Ground']",505,81,102,77,85,75,85,Poison,Ground,0,0,1,3,TRUE,13,
35,Clefairy,['Fairy'],323,70,45,48,60,65,35,Fairy,Fairy,0,0,1,2,TRUE,14,
36,Clefable,['Fairy'],483,95,70,73,95,90,60,Fairy,Fairy,0,0,1,3,TRUE,14,
37,Vulpix,['Fire'],299,38,41,40,50,65,65,Fire,Fire,0,0,1,1,TRUE,15,
38,Ninetales,['Fire'],505,73,76,75,81,100,100,Fire,Fire,0,0,1,2,TRUE,15,
39,Jigglypuff,"['Normal', 'Fairy']",270,115,45,20,45,25,20,Normal,Fairy,0,0,1,2,TRUE,16,
40,Wigglytuff,"['Normal', 'Fairy']",435,140,70,45,85,50,45,Normal,Fairy,0,0,1,3,TRUE,16,
41,Zubat,"['Poison', 'Flying']",245,40,45,35,30,40,55,Poison,Flying,0,0,1,1,TRUE,17,
42,Golbat,"['Poison', 'Flying']",455,75,80,70,65,75,90,Poison,Flying,0,0,1,2,TRUE,17,
43,Oddish,"['Grass', 'Poison']",320,45,50,55,75,65,30,Grass,Poison,0,0,1,1,TRUE,18,
44,Gloom,"['Grass', 'Poison']",395,60,65,70,85,75,40,Grass,Poison,0,0,1,2,TRUE,18,
45,Vileplume,"['Grass', 'Poison']",490,75,80,85,110,90,50,Grass,Poison,0,0,1,3,TRUE,19,
46,Paras,"['Bug', 'Grass']",285,35,70,55,45,55,25,Bug,Grass,0,0,1,1,TRUE,19,
47,Parasect,"['Bug', 'Grass']",405,60,95,80,60,80,30,Bug,Grass,0,0,1,2,TRUE,19,
48,Venonat,"['Bug', 'Poison']",305,60,55,50,40,55,45,Bug,Poison,0,0,1,1,TRUE,20,
49,Venomoth,"['Bug', 'Poison']",450,70,65,60,90,75,90,Bug,Poison,0,0,1,2,TRUE,20,
50,Diglett,['Ground'],265,10,55,25,35,45,95,Ground,Ground,0,0,1,1,TRUE,21,
51,Dugtrio,['Ground'],405,35,80,50,50,70,120,Ground,Ground,0,0,1,2,TRUE,21,
52,Meowth,['Normal'],290,40,45,35,40,40,90,Normal,Normal,0,0,1,1,TRUE,22,
53,Persian,['Normal'],440,65,70,60,65,65,115,Normal,Normal,0,0,1,2,TRUE,22,
54,Psyduck,['Water'],320,50,52,48,65,50,55,Water,Water,0,0,1,1,TRUE,23,
55,Golduck,['Water'],500,80,82,78,95,80,85,Water,Water,0,0,1,2,TRUE,23,
56,Mankey,['Fighting'],305,40,80,35,35,45,70,Fighting,Fighting,0,0,1,1,TRUE,24,
57,Primeape,['Fighting'],455,65,105,60,60,70,95,Fighting,Fighting,0,0,1,2,TRUE,24,
58,Growlithe,['Fire'],350,55,70,45,70,50,60,Fire,Fire,0,0,1,1,TRUE,25,
59,Arcanine,['Fire'],555,90,110,80,100,80,95,Fire,Fire,0,0,1,2,TRUE,25,
60,Poliwag,['Water'],300,40,50,40,40,40,90,Water,Water,0,0,1,1,TRUE,26,
61,Poliwhirl,['Water'],385,65,65,65,50,50,90,Water,Water,0,0,1,2,TRUE,26,
62,Poliwrath,"['Water', 'Fighting']",510,90,95,95,70,90,70,Water,Fighting,0,0,1,3,TRUE,26,
63,Abra,['Psychic'],310,25,20,15,105,55,90,Psychic,Psychic,0,0,1,1,TRUE,27,
64,Kadabra,['Psychic'],400,40,35,30,120,70,105,Psychic,Psychic,0,0,1,2,TRUE,27,
65,AlakazamMega Alakazam,['Psychic'],590,55,50,65,175,95,150,Psychic,Psychic,1,0,1,3,TRUE,27,
65,Alakazam,['Psychic'],500,55,50,45,135,95,120,Psychic,Psychic,0,0,1,3,TRUE,27,
66,Machop,['Fighting'],305,70,80,50,35,35,35,Fighting,Fighting,0,0,1,1,TRUE,28,
67,Machoke,['Fighting'],405,80,100,70,50,60,45,Fighting,Fighting,0,0,1,2,TRUE,28,
68,Machamp,['Fighting'],505,90,130,80,65,85,55,Fighting,Fighting,0,0,1,3,TRUE,28,
69,Bellsprout,"['Grass', 'Poison']",300,50,75,35,70,30,40,Grass,Poison,0,0,1,1,TRUE,29,
70,Weepinbell,"['Grass', 'Poison']",390,65,90,50,85,45,55,Grass,Poison,0,0,1,2,TRUE,29,
71,Victreebel,"['Grass', 'Poison']",490,80,105,65,100,70,70,Grass,Poison,0,0,1,3,TRUE,29,
72,Tentacool,"['Water', 'Poison']",335,40,40,35,50,100,70,Water,Poison,0,0,1,1,TRUE,30,
73,Tentacruel,"['Water', 'Poison']",515,80,70,65,80,120,100,Water,Poison,0,0,1,2,TRUE,30,
74,Geodude,"['Rock', 'Ground']",300,40,80,100,30,30,20,Rock,Ground,0,0,1,1,TRUE,31,
75,Graveler,"['Rock', 'Ground']",390,55,95,115,45,45,35,Rock,Ground,0,0,1,2,TRUE,31,
76,Golem,"['Rock', 'Ground']",495,80,120,130,55,65,45,Rock,Ground,0,0,1,3,TRUE,31,
77,Ponyta,['Fire'],410,50,85,55,65,65,90,Fire,Fire,0,0,1,1,TRUE,32,
78,Rapidash,['Fire'],500,65,100,70,80,80,105,Fire,Fire,0,0,1,2,TRUE,32,
79,Slowpoke,"['Water', 'Psychic']",315,90,65,65,40,40,15,Water,Psychic,0,0,1,1,TRUE,33,
80,SlowbroMega Slowbro,"['Water', 'Psychic']",590,95,75,180,130,80,30,Water,Psychic,1,0,1,2,TRUE,33,
80,Slowbro,"['Water', 'Psychic']",490,95,75,110,100,80,30,Water,Psychic,0,0,1,2,TRUE,33,
81,Magnemite,"['Electric', 'Steel']",325,25,35,70,95,55,45,Electric,Steel,0,0,1,1,TRUE,34,
82,Magneton,"['Electric', 'Steel']",465,50,60,95,120,70,70,Electric,Steel,0,0,1,2,TRUE,34,
83,Farfetch'd,"['Normal', 'Flying']",352,52,65,55,58,62,60,Normal,Flying,0,0,1,0,FALSE,NA,
84,Doduo,"['Normal', 'Flying']",310,35,85,45,35,35,75,Normal,Flying,0,0,1,1,TRUE,35,
85,Dodrio,"['Normal', 'Flying']",460,60,110,70,60,60,100,Normal,Flying,0,0,1,2,TRUE,35,
86,Seel,['Water'],325,65,45,55,45,70,45,Water,Water,0,0,1,1,TRUE,36,
87,Dewgong,"['Water', 'Ice']",475,90,70,80,70,95,70,Water,Ice,0,0,1,2,TRUE,36,
88,Grimer,['Poison'],325,80,80,50,40,50,25,Poison,Poison,0,0,1,1,TRUE,37,
89,Muk,['Poison'],500,105,105,75,65,100,50,Poison,Poison,0,0,1,2,TRUE,37,
90,Shellder,['Water'],305,30,65,100,45,25,40,Water,Water,0,0,1,1,TRUE,38,
91,Cloyster,"['Water', 'Ice']",525,50,95,180,85,45,70,Water,Ice,0,0,1,2,TRUE,38,
92,Gastly,"['Ghost', 'Poison']",310,30,35,30,100,35,80,Ghost,Poison,0,0,1,1,TRUE,39,
93,Haunter,"['Ghost', 'Poison']",405,45,50,45,115,55,95,Ghost,Poison,0,0,1,2,TRUE,39,
94,GengarMega Gengar,"['Ghost', 'Poison']",600,60,65,80,170,95,130,Ghost,Poison,1,0,1,3,TRUE,39,
94,Gengar,"['Ghost', 'Poison']",500,60,65,60,130,75,110,Ghost,Poison,0,0,1,3,TRUE,39,
95,Onix,"['Rock', 'Ground']",385,35,45,160,30,45,70,Rock,Ground,0,0,1,1,TRUE,40,
96,Drowzee,['Psychic'],328,60,48,45,43,90,42,Psychic,Psychic,0,0,1,1,TRUE,41,
97,Hypno,['Psychic'],483,85,73,70,73,115,67,Psychic,Psychic,0,0,1,2,TRUE,41,
98,Krabby,['Water'],325,30,105,90,25,25,50,Water,Water,0,0,1,1,TRUE,42,
99,Kingler,['Water'],475,55,130,115,50,50,75,Water,Water,0,0,1,2,TRUE,42,
100,Voltorb,['Electric'],330,40,30,50,55,55,100,Electric,Electric,0,0,1,1,TRUE,43,
101,Electrode,['Electric'],480,60,50,70,80,80,140,Electric,Electric,0,0,1,2,TRUE,43,
102,Exeggcute,"['Grass', 'Psychic']",325,60,40,80,60,45,40,Grass,Psychic,0,0,1,1,TRUE,44,
103,Exeggutor,"['Grass', 'Psychic']",520,95,95,85,125,65,55,Grass,Psychic,0,0,1,2,TRUE,44,
104,Cubone,['Ground'],320,50,50,95,40,50,35,Ground,Ground,0,0,1,1,TRUE,45,
105,Marowak,['Ground'],425,60,80,110,50,80,45,Ground,Ground,0,0,1,2,TRUE,45,
106,Hitmonlee,['Fighting'],455,50,120,53,35,110,87,Fighting,Fighting,0,0,1,2,TRUE,46,
107,Hitmonchan,['Fighting'],455,50,105,79,35,110,76,Fighting,Fighting,0,0,1,2,TRUE,46,
108,Lickitung,['Normal'],385,90,55,75,60,75,30,Normal,Normal,0,0,1,2,TRUE,258,
109,Koffing,['Poison'],340,40,65,95,60,45,35,Poison,Poison,0,0,1,1,TRUE,47,
110,Weezing,['Poison'],490,65,90,120,85,70,60,Poison,Poison,0,0,1,2,TRUE,47,
111,Rhyhorn,"['Ground', 'Rock']",345,80,85,95,30,30,25,Ground,Rock,0,0,1,1,TRUE,48,
112,Rhydon,"['Ground', 'Rock']",485,105,130,120,45,45,40,Ground,Rock,0,0,1,2,TRUE,48,
113,Chansey,['Normal'],450,250,5,5,35,105,50,Normal,Normal,0,0,1,2,TRUE,49,
114,Tangela,['Grass'],435,65,55,115,100,40,60,Grass,Grass,0,0,1,1,TRUE,50,
115,KangaskhanMega Kangaskhan,['Normal'],590,105,125,100,60,100,100,Normal,Normal,1,0,1,0,FALSE,NA,
115,Kangaskhan,['Normal'],490,105,95,80,40,80,90,Normal,Normal,0,0,1,0,FALSE,NA,
116,Horsea,['Water'],295,30,40,70,70,25,60,Water,Water,0,0,1,1,TRUE,51,
117,Seadra,['Water'],440,55,65,95,95,45,85,Water,Water,0,0,1,2,TRUE,51,
118,Goldeen,['Water'],320,45,67,60,35,50,63,Water,Water,0,0,1,1,TRUE,52,
119,Seaking,['Water'],450,80,92,65,65,80,68,Water,Water,0,0,1,2,TRUE,52,
120,Staryu,['Water'],340,30,45,55,70,55,85,Water,Water,0,0,1,1,TRUE,53,
121,Starmie,"['Water', 'Psychic']",520,60,75,85,100,85,115,Water,Psychic,0,0,1,2,TRUE,53,
122,Mr. Mime,"['Psychic', 'Fairy']",460,40,45,65,100,120,90,Psychic,Fairy,0,0,1,2,TRUE,54,
123,Scyther,"['Bug', 'Flying']",500,70,110,80,55,80,105,Bug,Flying,0,0,1,1,TRUE,55,
124,Jynx,"['Ice', 'Psychic']",455,65,50,35,115,95,95,Ice,Psychic,0,0,1,2,TRUE,56,
125,Electabuzz,['Electric'],490,65,83,57,95,85,105,Electric,Electric,0,0,1,2,TRUE,57,
126,Magmar,['Fire'],495,65,95,57,100,85,93,Fire,Fire,0,0,1,2,TRUE,58,
127,PinsirMega Pinsir,"['Bug', 'Flying']",600,65,155,120,65,90,105,Bug,Flying,1,0,1,0,FALSE,NA,
127,Pinsir,['Bug'],500,65,125,100,55,70,85,Bug,Bug,0,0,1,0,FALSE,NA,
128,Tauros,['Normal'],490,75,100,95,40,70,110,Normal,Normal,0,0,1,0,FALSE,NA,
129,Magikarp,['Water'],200,20,10,55,15,20,80,Water,Water,0,0,1,1,TRUE,59,
130,GyaradosMega Gyarados,"['Water', 'Dark']",640,95,155,109,70,130,81,Water,Dark,1,0,1,2,TRUE,59,
130,Gyarados,"['Water', 'Flying']",540,95,125,79,60,100,81,Water,Flying,0,0,1,2,TRUE,59,
131,Lapras,"['Water', 'Ice']",535,130,85,80,85,95,60,Water,Ice,0,0,1,0,FALSE,NA,
132,Ditto,['Normal'],288,48,48,48,48,48,48,Normal,Normal,0,0,1,0,FALSE,NA,
133,Eevee,['Normal'],325,55,55,50,45,65,55,Normal,Normal,0,0,1,1,TRUE,60,
134,Vaporeon,['Water'],525,130,65,60,110,95,65,Water,Water,0,0,1,2,TRUE,60,
135,Jolteon,['Electric'],525,65,65,60,110,95,130,Electric,Electric,0,0,1,2,TRUE,60,
136,Flareon,['Fire'],525,65,130,60,95,110,65,Fire,Fire,0,0,1,2,TRUE,60,
137,Porygon,['Normal'],395,65,60,70,85,75,40,Normal,Normal,0,0,1,1,TRUE,61,
138,Omanyte,"['Rock', 'Water']",355,35,40,100,90,55,35,Rock,Water,0,0,1,1,TRUE,62,
139,Omastar,"['Rock', 'Water']",495,70,60,125,115,70,55,Rock,Water,0,0,1,2,TRUE,62,
140,Kabuto,"['Rock', 'Water']",355,30,80,90,55,45,55,Rock,Water,0,0,1,1,TRUE,63,
141,Kabutops,"['Rock', 'Water']",495,60,115,105,65,70,80,Rock,Water,0,0,1,2,TRUE,63,
142,AerodactylMega Aerodactyl,"['Rock', 'Flying']",615,80,135,85,70,95,150,Rock,Flying,1,0,1,0,FALSE,NA,
142,Aerodactyl,"['Rock', 'Flying']",515,80,105,65,60,75,130,Rock,Flying,0,0,1,0,FALSE,NA,
143,Snorlax,['Normal'],540,160,110,65,65,110,30,Normal,Normal,0,0,1,2,TRUE,64,
144,Articuno,"['Ice', 'Flying']",580,90,85,100,95,125,85,Ice,Flying,0,1,1,0,FALSE,NA,
145,Zapdos,"['Electric', 'Flying']",580,90,90,85,125,90,100,Electric,Flying,0,1,1,0,FALSE,NA,
146,Moltres,"['Fire', 'Flying']",580,90,100,90,125,85,90,Fire,Flying,0,1,1,0,FALSE,NA,
147,Dratini,['Dragon'],300,41,64,45,50,50,50,Dragon,Dragon,0,0,1,1,TRUE,65,
148,Dragonair,['Dragon'],420,61,84,65,70,70,70,Dragon,Dragon,0,0,1,2,TRUE,65,
149,Dragonite,"['Dragon', 'Flying']",600,91,134,95,100,100,80,Dragon,Flying,0,0,1,3,TRUE,65,
150,MewtwoMega Mewtwo X,"['Psychic', 'Fighting']",800,126,190,100,154,100,130,Psychic,Fighting,1,1,1,0,FALSE,NA,
150,MewtwoMega Mewtwo Y,['Psychic'],780,106,150,70,194,120,140,Psychic,Psychic,1,1,1,0,FALSE,NA,
150,Mewtwo,['Psychic'],680,106,110,90,154,90,130,Psychic,Psychic,0,1,1,0,FALSE,NA,
151,Mew,['Psychic'],600,100,100,100,100,100,100,Psychic,Psychic,0,1,1,0,FALSE,NA,
152,Chikorita,['Grass'],318,45,49,65,49,65,45,Grass,Grass,0,0,2,1,TRUE,66,
153,Bayleef,['Grass'],405,60,62,80,63,80,60,Grass,Grass,0,0,2,2,TRUE,66,
154,Meganium,['Grass'],525,80,82,100,83,100,80,Grass,Grass,0,0,2,3,TRUE,66,
155,Cyndaquil,['Fire'],309,39,52,43,60,50,65,Fire,Fire,0,0,2,1,TRUE,67,
156,Quilava,['Fire'],405,58,64,58,80,65,80,Fire,Fire,0,0,2,2,TRUE,67,
157,Typhlosion,['Fire'],534,78,84,78,109,85,100,Fire,Fire,0,0,2,3,TRUE,67,
158,Totodile,['Water'],314,50,65,64,44,48,43,Water,Water,0,0,2,1,TRUE,68,
159,Croconaw,['Water'],405,65,80,80,59,63,58,Water,Water,0,0,2,2,TRUE,68,
160,Feraligatr,['Water'],530,85,105,100,79,83,78,Water,Water,0,0,2,3,TRUE,68,
161,Sentret,['Normal'],215,35,46,34,35,45,20,Normal,Normal,0,0,2,1,TRUE,69,
162,Furret,['Normal'],415,85,76,64,45,55,90,Normal,Normal,0,0,2,2,TRUE,69,
163,Hoothoot,"['Normal', 'Flying']",262,60,30,30,36,56,50,Normal,Flying,0,0,2,1,TRUE,70,
164,Noctowl,"['Normal', 'Flying']",442,100,50,50,76,96,70,Normal,Flying,0,0,2,2,TRUE,70,
165,Ledyba,"['Bug', 'Flying']",265,40,20,30,40,80,55,Bug,Flying,0,0,2,1,TRUE,71,
166,Ledian,"['Bug', 'Flying']",390,55,35,50,55,110,85,Bug,Flying,0,0,2,2,TRUE,71,
167,Spinarak,"['Bug', 'Poison']",250,40,60,40,40,40,30,Bug,Poison,0,0,2,1,TRUE,72,
168,Ariados,"['Bug', 'Poison']",390,70,90,70,60,60,40,Bug,Poison,0,0,2,2,TRUE,72,
169,Crobat,"['Poison', 'Flying']",535,85,90,80,70,80,130,Poison,Flying,0,0,2,3,TRUE,17,
170,Chinchou,"['Water', 'Electric']",330,75,38,38,56,56,67,Water,Electric,0,0,2,1,TRUE,73,
171,Lanturn,"['Water', 'Electric']",460,125,58,58,76,76,67,Water,Electric,0,0,2,2,TRUE,73,
172,Pichu,['Electric'],205,20,40,15,35,35,60,Electric,Electric,0,0,2,1,TRUE,10,
173,Cleffa,['Fairy'],218,50,25,28,45,55,15,Fairy,Fairy,0,0,2,1,TRUE,14,
174,Igglybuff,"['Normal', 'Fairy']",210,90,30,15,40,20,15,Normal,Fairy,0,0,2,1,TRUE,16,
175,Togepi,['Fairy'],245,35,20,65,40,65,20,Fairy,Fairy,0,0,2,1,TRUE,74,
176,Togetic,"['Fairy', 'Flying']",405,55,40,85,80,105,40,Fairy,Flying,0,0,2,2,TRUE,74,
177,Natu,"['Psychic', 'Flying']",320,40,50,45,70,45,70,Psychic,Flying,0,0,2,1,TRUE,75,
178,Xatu,"['Psychic', 'Flying']",470,65,75,70,95,70,95,Psychic,Flying,0,0,2,2,TRUE,75,
179,Mareep,['Electric'],280,55,40,40,65,45,35,Electric,Electric,0,0,2,1,TRUE,76,
180,Flaaffy,['Electric'],365,70,55,55,80,60,45,Electric,Electric,0,0,2,2,TRUE,76,
181,AmpharosMega Ampharos,"['Electric', 'Dragon']",610,90,95,105,165,110,45,Electric,Dragon,1,0,2,3,TRUE,76,
181,Ampharos,['Electric'],510,90,75,85,115,90,55,Electric,Electric,0,0,2,3,TRUE,76,
182,Bellossom,['Grass'],490,75,80,95,90,100,50,Grass,Grass,0,0,2,3,TRUE,18,
183,Marill,"['Water', 'Fairy']",250,70,20,50,20,50,40,Water,Fairy,0,0,2,2,TRUE,77,
184,Azumarill,"['Water', 'Fairy']",420,100,50,80,60,80,50,Water,Fairy,0,0,2,3,TRUE,77,
185,Sudowoodo,['Rock'],410,70,100,115,30,65,30,Rock,Rock,0,0,2,2,TRUE,162,
186,Politoed,['Water'],500,90,75,75,90,100,70,Water,Water,0,0,2,3,TRUE,26,
187,Hoppip,"['Grass', 'Flying']",250,35,35,40,35,55,50,Grass,Flying,0,0,2,1,TRUE,78,
188,Skiploom,"['Grass', 'Flying']",340,55,45,50,45,65,80,Grass,Flying,0,0,2,2,TRUE,78,
189,Jumpluff,"['Grass', 'Flying']",460,75,55,70,55,95,110,Grass,Flying,0,0,2,3,TRUE,78,
190,Aipom,['Normal'],360,55,70,55,40,55,85,Normal,Normal,0,0,2,1,TRUE,79,
191,Sunkern,['Grass'],180,30,30,30,30,30,30,Grass,Grass,0,0,2,1,TRUE,80,
192,Sunflora,['Grass'],425,75,75,55,105,85,30,Grass,Grass,0,0,2,2,TRUE,80,
193,Yanma,"['Bug', 'Flying']",390,65,65,45,75,45,95,Bug,Flying,0,0,2,1,TRUE,81,
194,Wooper,"['Water', 'Ground']",210,55,45,45,25,25,15,Water,Ground,0,0,2,1,TRUE,82,
195,Quagsire,"['Water', 'Ground']",430,95,85,85,65,65,35,Water,Ground,0,0,2,2,TRUE,82,
196,Espeon,['Psychic'],525,65,65,60,130,95,110,Psychic,Psychic,0,0,2,2,TRUE,60,
197,Umbreon,['Dark'],525,95,65,110,60,130,65,Dark,Dark,0,0,2,2,TRUE,60,
198,Murkrow,"['Dark', 'Flying']",405,60,85,42,85,42,91,Dark,Flying,0,0,2,1,TRUE,83,
199,Slowking,"['Water', 'Psychic']",490,95,75,80,100,110,30,Water,Psychic,0,0,2,2,TRUE,33,
200,Misdreavus,['Ghost'],435,60,60,60,85,85,85,Ghost,Ghost,0,0,2,1,TRUE,84,
201,Unown,['Psychic'],336,48,72,48,72,48,48,Psychic,Psychic,0,0,2,0,FALSE,NA,
202,Wobbuffet,['Psychic'],405,190,33,58,33,58,33,Psychic,Psychic,0,0,2,2,TRUE,85,
203,Girafarig,"['Normal', 'Psychic']",455,70,80,65,90,65,85,Normal,Psychic,0,0,2,0,FALSE,NA,
204,Pineco,['Bug'],290,50,65,90,35,35,15,Bug,Bug,0,0,2,1,TRUE,86,
205,Forretress,"['Bug', 'Steel']",465,75,90,140,60,60,40,Bug,Steel,0,0,2,2,TRUE,86,
206,Dunsparce,['Normal'],415,100,70,70,65,65,45,Normal,Normal,0,0,2,0,FALSE,NA,
207,Gligar,"['Ground', 'Flying']",430,65,75,105,35,65,85,Ground,Flying,0,0,2,1,TRUE,87,
208,SteelixMega Steelix,"['Steel', 'Ground']",610,75,125,230,55,95,30,Steel,Ground,1,0,2,2,TRUE,40,
208,Steelix,"['Steel', 'Ground']",510,75,85,200,55,65,30,Steel,Ground,0,0,2,2,TRUE,40,
209,Snubbull,['Fairy'],300,60,80,50,40,40,30,Fairy,Fairy,0,0,2,1,TRUE,88,
210,Granbull,['Fairy'],450,90,120,75,60,60,45,Fairy,Fairy,0,0,2,2,TRUE,88,
211,Qwilfish,"['Water', 'Poison']",430,65,95,75,55,55,85,Water,Poison,0,0,2,0,FALSE,NA,
212,ScizorMega Scizor,"['Bug', 'Steel']",600,70,150,140,65,100,75,Bug,Steel,1,0,2,2,TRUE,55,
212,Scizor,"['Bug', 'Steel']",500,70,130,100,55,80,65,Bug,Steel,0,0,2,2,TRUE,55,
213,Shuckle,"['Bug', 'Rock']",505,20,10,230,10,230,5,Bug,Rock,0,0,2,0,FALSE,NA,
214,HeracrossMega Heracross,"['Bug', 'Fighting']",600,80,185,115,40,105,75,Bug,Fighting,1,0,2,0,FALSE,NA,
214,Heracross,"['Bug', 'Fighting']",500,80,125,75,40,95,85,Bug,Fighting,0,0,2,0,FALSE,NA,
215,Sneasel,"['Dark', 'Ice']",430,55,95,55,35,75,115,Dark,Ice,0,0,2,1,TRUE,89,
216,Teddiursa,['Normal'],330,60,80,50,50,50,40,Normal,Normal,0,0,2,1,TRUE,90,
217,Ursaring,['Normal'],500,90,130,75,75,75,55,Normal,Normal,0,0,2,2,TRUE,90,
218,Slugma,['Fire'],250,40,40,40,70,40,20,Fire,Fire,0,0,2,1,TRUE,91,
219,Magcargo,"['Fire', 'Rock']",410,50,50,120,80,80,30,Fire,Rock,0,0,2,2,TRUE,91,
220,Swinub,"['Ice', 'Ground']",250,50,50,40,30,30,50,Ice,Ground,0,0,2,1,TRUE,92,
221,Piloswine,"['Ice', 'Ground']",450,100,100,80,60,60,50,Ice,Ground,0,0,2,2,TRUE,92,
222,Corsola,"['Water', 'Rock']",380,55,55,85,65,85,35,Water,Rock,0,0,2,0,FALSE,NA,
223,Remoraid,['Water'],300,35,65,35,65,35,65,Water,Water,0,0,2,1,TRUE,93,
224,Octillery,['Water'],480,75,105,75,105,75,45,Water,Water,0,0,2,2,TRUE,93,
225,Delibird,"['Ice', 'Flying']",330,45,55,45,65,45,75,Ice,Flying,0,0,2,0,FALSE,NA,
226,Mantine,"['Water', 'Flying']",465,65,40,70,80,140,70,Water,Flying,0,0,2,2,TRUE,94,
227,Skarmory,"['Steel', 'Flying']",465,65,80,140,40,70,70,Steel,Flying,0,0,2,0,FALSE,NA,
228,Houndour,"['Dark', 'Fire']",330,45,60,30,80,50,65,Dark,Fire,0,0,2,1,TRUE,95,
229,HoundoomMega Houndoom,"['Dark', 'Fire']",600,75,90,90,140,90,115,Dark,Fire,1,0,2,2,TRUE,95,
229,Houndoom,"['Dark', 'Fire']",500,75,90,50,110,80,95,Dark,Fire,0,0,2,2,TRUE,95,
230,Kingdra,"['Water', 'Dragon']",540,75,95,95,95,95,85,Water,Dragon,0,0,2,3,TRUE,51,
231,Phanpy,['Ground'],330,90,60,60,40,40,40,Ground,Ground,0,0,2,1,TRUE,96,
232,Donphan,['Ground'],500,90,120,120,60,60,50,Ground,Ground,0,0,2,2,TRUE,96,
233,Porygon2,['Normal'],515,85,80,90,105,95,60,Normal,Normal,0,0,2,2,TRUE,61,
234,Stantler,['Normal'],465,73,95,62,85,65,85,Normal,Normal,0,0,2,0,FALSE,NA,
235,Smeargle,['Normal'],250,55,20,35,20,45,75,Normal,Normal,0,0,2,0,FALSE,NA,TRUE
236,Tyrogue,['Fighting'],210,35,35,35,35,35,35,Fighting,Fighting,0,0,2,1,TRUE,46,
237,Hitmontop,['Fighting'],455,50,95,95,35,110,70,Fighting,Fighting,0,0,2,2,TRUE,46,
238,Smoochum,"['Ice', 'Psychic']",305,45,30,15,85,65,65,Ice,Psychic,0,0,2,1,TRUE,56,
239,Elekid,['Electric'],360,45,63,37,65,55,95,Electric,Electric,0,0,2,1,TRUE,57,
240,Magby,['Fire'],365,45,75,37,70,55,83,Fire,Fire,0,0,2,1,TRUE,58,
241,Miltank,['Normal'],490,95,80,105,40,70,100,Normal,Normal,0,0,2,0,FALSE,NA,
242,Blissey,['Normal'],540,255,10,10,75,135,55,Normal,Normal,0,0,2,3,TRUE,49,
243,Raikou,['Electric'],580,90,85,75,115,100,115,Electric,Electric,0,1,2,0,FALSE,NA,
244,Entei,['Fire'],580,115,115,85,90,75,100,Fire,Fire,0,1,2,0,FALSE,NA,
245,Suicune,['Water'],580,100,75,115,90,115,85,Water,Water,0,1,2,0,FALSE,NA,
246,Larvitar,"['Rock', 'Ground']",300,50,64,50,45,50,41,Rock,Ground,0,0,2,1,TRUE,97,
247,Pupitar,"['Rock', 'Ground']",410,70,84,70,65,70,51,Rock,Ground,0,0,2,2,TRUE,97,
248,TyranitarMega Tyranitar,"['Rock', 'Dark']",700,100,164,150,95,120,71,Rock,Dark,1,0,2,3,TRUE,97,
248,Tyranitar,"['Rock', 'Dark']",600,100,134,110,95,100,61,Rock,Dark,0,0,2,3,TRUE,97,
249,Lugia,"['Psychic', 'Flying']",680,106,90,130,90,154,110,Psychic,Flying,0,1,2,0,FALSE,NA,
250,Ho-oh,"['Fire', 'Flying']",680,106,130,90,110,154,90,Fire,Flying,0,1,2,0,FALSE,NA,
251,Celebi,"['Psychic', 'Grass']",600,100,100,100,100,100,100,Psychic,Grass,0,1,2,0,FALSE,NA,
252,Treecko,['Grass'],310,40,45,35,65,55,70,Grass,Grass,0,0,3,1,TRUE,98,
253,Grovyle,['Grass'],405,50,65,45,85,65,95,Grass,Grass,0,0,3,2,TRUE,98,
254,SceptileMega Sceptile,"['Grass', 'Dragon']",630,70,110,75,145,85,145,Grass,Dragon,1,0,3,3,TRUE,98,
254,Sceptile,['Grass'],530,70,85,65,105,85,120,Grass,Grass,0,0,3,3,TRUE,98,
255,Torchic,['Fire'],310,45,60,40,70,50,45,Fire,Fire,0,0,3,1,TRUE,99,
256,Combusken,"['Fire', 'Fighting']",405,60,85,60,85,60,55,Fire,Fighting,0,0,3,2,TRUE,99,
257,BlazikenMega Blaziken,"['Fire', 'Fighting']",630,80,160,80,130,80,100,Fire,Fighting,1,0,3,3,TRUE,99,
257,Blaziken,"['Fire', 'Fighting']",530,80,120,70,110,70,80,Fire,Fighting,0,0,3,3,TRUE,99,
258,Mudkip,['Water'],310,50,70,50,50,50,40,Water,Water,0,0,3,1,TRUE,100,
259,Marshtomp,"['Water', 'Ground']",405,70,85,70,60,70,50,Water,Ground,0,0,3,2,TRUE,100,
260,SwampertMega Swampert,"['Water', 'Ground']",635,100,150,110,95,110,70,Water,Ground,1,0,3,3,TRUE,100,
260,Swampert,"['Water', 'Ground']",535,100,110,90,85,90,60,Water,Ground,0,0,3,3,TRUE,100,
261,Poochyena,['Dark'],220,35,55,35,30,30,35,Dark,Dark,0,0,3,1,TRUE,101,
262,Mightyena,['Dark'],420,70,90,70,60,60,70,Dark,Dark,0,0,3,2,TRUE,101,
263,Zigzagoon,['Normal'],240,38,30,41,30,41,60,Normal,Normal,0,0,3,1,TRUE,102,
264,Linoone,['Normal'],420,78,70,61,50,61,100,Normal,Normal,0,0,3,2,TRUE,102,
265,Wurmple,['Bug'],195,45,45,35,20,30,20,Bug,Bug,0,0,3,1,TRUE,103,
266,Silcoon,['Bug'],205,50,35,55,25,25,15,Bug,Bug,0,0,3,2,TRUE,103,
267,Beautifly,"['Bug', 'Flying']",395,60,70,50,100,50,65,Bug,Flying,0,0,3,3,TRUE,103,
268,Cascoon,['Bug'],205,50,35,55,25,25,15,Bug,Bug,0,0,3,2,TRUE,103,
269,Dustox,"['Bug', 'Poison']",385,60,50,70,50,90,65,Bug,Poison,0,0,3,3,TRUE,103,
270,Lotad,"['Water', 'Grass']",220,40,30,30,40,50,30,Water,Grass,0,0,3,1,TRUE,104,
271,Lombre,"['Water', 'Grass']",340,60,50,50,60,70,50,Water,Grass,0,0,3,2,TRUE,104,
272,Ludicolo,"['Water', 'Grass']",480,80,70,70,90,100,70,Water,Grass,0,0,3,3,TRUE,104,
273,Seedot,['Grass'],220,40,40,50,30,30,30,Grass,Grass,0,0,3,1,TRUE,105,
274,Nuzleaf,"['Grass', 'Dark']",340,70,70,40,60,40,60,Grass,Dark,0,0,3,2,TRUE,105,
275,Shiftry,"['Grass', 'Dark']",480,90,100,60,90,60,80,Grass,Dark,0,0,3,3,TRUE,105,
276,Taillow,"['Normal', 'Flying']",270,40,55,30,30,30,85,Normal,Flying,0,0,3,1,TRUE,106,
277,Swellow,"['Normal', 'Flying']",430,60,85,60,50,50,125,Normal,Flying,0,0,3,2,TRUE,106,
278,Wingull,"['Water', 'Flying']",270,40,30,30,55,30,85,Water,Flying,0,0,3,1,TRUE,107,
279,Pelipper,"['Water', 'Flying']",430,60,50,100,85,70,65,Water,Flying,0,0,3,2,TRUE,107,
280,Ralts,"['Psychic', 'Fairy']",198,28,25,25,45,35,40,Psychic,Fairy,0,0,3,1,TRUE,108,
281,Kirlia,"['Psychic', 'Fairy']",278,38,35,35,65,55,50,Psychic,Fairy,0,0,3,2,TRUE,108,
282,GardevoirMega Gardevoir,"['Psychic', 'Fairy']",618,68,85,65,165,135,100,Psychic,Fairy,1,0,3,3,TRUE,108,
282,Gardevoir,"['Psychic', 'Fairy']",518,68,65,65,125,115,80,Psychic,Fairy,0,0,3,3,TRUE,108,
283,Surskit,"['Bug', 'Water']",269,40,30,32,50,52,65,Bug,Water,0,0,3,1,TRUE,109,
284,Masquerain,"['Bug', 'Flying']",414,70,60,62,80,82,60,Bug,Flying,0,0,3,2,TRUE,109,
285,Shroomish,['Grass'],295,60,40,60,40,60,35,Grass,Grass,0,0,3,1,TRUE,110,
286,Breloom,"['Grass', 'Fighting']",460,60,130,80,60,60,70,Grass,Fighting,0,0,3,2,TRUE,110,
287,Slakoth,['Normal'],280,60,60,60,35,35,30,Normal,Normal,0,0,3,1,TRUE,111,
288,Vigoroth,['Normal'],440,80,80,80,55,55,90,Normal,Normal,0,0,3,2,TRUE,111,
289,Slaking,['Normal'],670,150,160,100,95,65,100,Normal,Normal,0,0,3,3,TRUE,111,
290,Nincada,"['Bug', 'Ground']",266,31,45,90,30,30,40,Bug,Ground,0,0,3,1,TRUE,112,
291,Ninjask,"['Bug', 'Flying']",456,61,90,45,50,50,160,Bug,Flying,0,0,3,2,TRUE,112,
292,Shedinja,"['Bug', 'Ghost']",236,1,90,45,30,30,40,Bug,Ghost,0,0,3,3,TRUE,112,
293,Whismur,['Normal'],240,64,51,23,51,23,28,Normal,Normal,0,0,3,1,TRUE,113,
294,Loudred,['Normal'],360,84,71,43,71,43,48,Normal,Normal,0,0,3,2,TRUE,113,
295,Exploud,['Normal'],490,104,91,63,91,73,68,Normal,Normal,0,0,3,3,TRUE,113,
296,Makuhita,['Fighting'],237,72,60,30,20,30,25,Fighting,Fighting,0,0,3,1,TRUE,114,
297,Hariyama,['Fighting'],474,144,120,60,40,60,50,Fighting,Fighting,0,0,3,2,TRUE,114,
298,Azurill,"['Normal', 'Fairy']",190,50,20,40,20,40,20,Normal,Fairy,0,0,3,1,TRUE,77,
299,Nosepass,['Rock'],375,30,45,135,45,90,30,Rock,Rock,0,0,3,1,TRUE,115,
300,Skitty,['Normal'],260,50,45,45,35,35,50,Normal,Normal,0,0,3,1,TRUE,116,
301,Delcatty,['Normal'],380,70,65,65,55,55,70,Normal,Normal,0,0,3,2,TRUE,116,
302,SableyeMega Sableye,"['Dark', 'Ghost']",480,50,85,125,85,115,20,Dark,Ghost,1,0,3,0,FALSE,NA,
302,Sableye,"['Dark', 'Ghost']",380,50,75,75,65,65,50,Dark,Ghost,0,0,3,0,FALSE,NA,
303,MawileMega Mawile,"['Steel', 'Fairy']",480,50,105,125,55,95,50,Steel,Fairy,1,0,3,0,FALSE,NA,
303,Mawile,"['Steel', 'Fairy']",380,50,85,85,55,55,50,Steel,Fairy,0,0,3,0,FALSE,NA,
304,Aron,"['Steel', 'Rock']",330,50,70,100,40,40,30,Steel,Rock,0,0,3,1,TRUE,117,
305,Lairon,"['Steel', 'Rock']",430,60,90,140,50,50,40,Steel,Rock,0,0,3,2,TRUE,117,
306,AggronMega Aggron,['Steel'],630,70,140,230,60,80,50,Steel,Steel,1,0,3,3,TRUE,117,
306,Aggron,"['Steel', 'Rock']",530,70,110,180,60,60,50,Steel,Rock,0,0,3,3,TRUE,117,
307,Meditite,"['Fighting', 'Psychic']",280,30,40,55,40,55,60,Fighting,Psychic,0,0,3,1,TRUE,118,
308,MedichamMega Medicham,"['Fighting', 'Psychic']",510,60,100,85,80,85,100,Fighting,Psychic,1,0,3,2,TRUE,118,
308,Medicham,"['Fighting', 'Psychic']",410,60,60,75,60,75,80,Fighting,Psychic,0,0,3,2,TRUE,118,
309,Electrike,['Electric'],295,40,45,40,65,40,65,Electric,Electric,0,0,3,1,TRUE,119,
310,ManectricMega Manectric,['Electric'],575,70,75,80,135,80,135,Electric,Electric,1,0,3,2,TRUE,119,
310,Manectric,['Electric'],475,70,75,60,105,60,105,Electric,Electric,0,0,3,2,TRUE,119,
311,Plusle,['Electric'],405,60,50,40,85,75,95,Electric,Electric,0,0,3,0,FALSE,NA,
312,Minun,['Electric'],405,60,40,50,75,85,95,Electric,Electric,0,0,3,0,FALSE,NA,
313,Volbeat,['Bug'],400,65,73,55,47,75,85,Bug,Bug,0,0,3,0,FALSE,NA,
314,Illumise,['Bug'],400,65,47,55,73,75,85,Bug,Bug,0,0,3,0,FALSE,NA,
315,Roselia,"['Grass', 'Poison']",400,50,60,45,100,80,65,Grass,Poison,0,0,3,2,TRUE,120,
316,Gulpin,['Poison'],302,70,43,53,43,53,40,Poison,Poison,0,0,3,1,TRUE,121,
317,Swalot,['Poison'],467,100,73,83,73,83,55,Poison,Poison,0,0,3,2,TRUE,121,
318,Carvanha,"['Water', 'Dark']",305,45,90,20,65,20,65,Water,Dark,0,0,3,1,TRUE,122,
319,SharpedoMega Sharpedo,"['Water', 'Dark']",560,70,140,70,110,65,105,Water,Dark,1,0,3,2,TRUE,122,
319,Sharpedo,"['Water', 'Dark']",460,70,120,40,95,40,95,Water,Dark,0,0,3,2,TRUE,122,
320,Wailmer,['Water'],400,130,70,35,70,35,60,Water,Water,0,0,3,1,TRUE,123,
321,Wailord,['Water'],500,170,90,45,90,45,60,Water,Water,0,0,3,2,TRUE,123,
322,Numel,"['Fire', 'Ground']",305,60,60,40,65,45,35,Fire,Ground,0,0,3,1,TRUE,124,
323,CameruptMega Camerupt,"['Fire', 'Ground']",560,70,120,100,145,105,20,Fire,Ground,1,0,3,2,TRUE,124,
323,Camerupt,"['Fire', 'Ground']",460,70,100,70,105,75,40,Fire,Ground,0,0,3,2,TRUE,124,
324,Torkoal,['Fire'],470,70,85,140,85,70,20,Fire,Fire,0,0,3,0,FALSE,NA,
325,Spoink,['Psychic'],330,60,25,35,70,80,60,Psychic,Psychic,0,0,3,1,TRUE,125,
326,Grumpig,['Psychic'],470,80,45,65,90,110,80,Psychic,Psychic,0,0,3,2,TRUE,125,
327,Spinda,['Normal'],360,60,60,60,60,60,60,Normal,Normal,0,0,3,0,FALSE,NA,
328,Trapinch,['Ground'],290,45,100,45,45,45,10,Ground,Ground,0,0,3,1,TRUE,126,
329,Vibrava,"['Ground', 'Dragon']",340,50,70,50,50,50,70,Ground,Dragon,0,0,3,2,TRUE,126,
330,Flygon,"['Ground', 'Dragon']",520,80,100,80,80,80,100,Ground,Dragon,0,0,3,3,TRUE,126,
331,Cacnea,['Grass'],335,50,85,40,85,40,35,Grass,Grass,0,0,3,1,TRUE,127,
332,Cacturne,"['Grass', 'Dark']",475,70,115,60,115,60,55,Grass,Dark,0,0,3,2,TRUE,127,
333,Swablu,"['Normal', 'Flying']",310,45,40,60,40,75,50,Normal,Flying,0,0,3,1,TRUE,128,
334,AltariaMega Altaria,"['Dragon', 'Fairy']",590,75,110,110,110,105,80,Dragon,Fairy,1,0,3,2,TRUE,128,
334,Altaria,"['Dragon', 'Flying']",490,75,70,90,70,105,80,Dragon,Flying,0,0,3,2,TRUE,128,
335,Zangoose,['Normal'],458,73,115,60,60,60,90,Normal,Normal,0,0,3,0,FALSE,NA,
336,Seviper,['Poison'],458,73,100,60,100,60,65,Poison,Poison,0,0,3,0,FALSE,NA,
337,Lunatone,"['Rock', 'Psychic']",440,70,55,65,95,85,70,Rock,Psychic,0,0,3,0,FALSE,NA,
338,Solrock,"['Rock', 'Psychic']",440,70,95,85,55,65,70,Rock,Psychic,0,0,3,0,FALSE,NA,
339,Barboach,"['Water', 'Ground']",288,50,48,43,46,41,60,Water,Ground,0,0,3,1,TRUE,129,
340,Whiscash,"['Water', 'Ground']",468,110,78,73,76,71,60,Water,Ground,0,0,3,2,TRUE,129,
341,Corphish,['Water'],308,43,80,65,50,35,35,Water,Water,0,0,3,1,TRUE,130,
342,Crawdaunt,"['Water', 'Dark']",468,63,120,85,90,55,55,Water,Dark,0,0,3,2,TRUE,130,
343,Baltoy,"['Ground', 'Psychic']",300,40,40,55,40,70,55,Ground,Psychic,0,0,3,1,TRUE,131,
344,Claydol,"['Ground', 'Psychic']",500,60,70,105,70,120,75,Ground,Psychic,0,0,3,2,TRUE,131,
345,Lileep,"['Rock', 'Grass']",355,66,41,77,61,87,23,Rock,Grass,0,0,3,1,TRUE,132,
346,Cradily,"['Rock', 'Grass']",495,86,81,97,81,107,43,Rock,Grass,0,0,3,2,TRUE,132,
347,Anorith,"['Rock', 'Bug']",355,45,95,50,40,50,75,Rock,Bug,0,0,3,1,TRUE,133,
348,Armaldo,"['Rock', 'Bug']",495,75,125,100,70,80,45,Rock,Bug,0,0,3,2,TRUE,133,
349,Feebas,['Water'],200,20,15,20,10,55,80,Water,Water,0,0,3,1,TRUE,134,
350,Milotic,['Water'],540,95,60,79,100,125,81,Water,Water,0,0,3,2,TRUE,134,
351,Castform,['Normal'],420,70,70,70,70,70,70,Normal,Normal,0,0,3,0,FALSE,NA,
352,Kecleon,['Normal'],440,60,90,70,60,120,40,Normal,Normal,0,0,3,0,FALSE,NA,
353,Shuppet,['Ghost'],295,44,75,35,63,33,45,Ghost,Ghost,0,0,3,1,TRUE,135,
354,BanetteMega Banette,['Ghost'],555,64,165,75,93,83,75,Ghost,Ghost,1,0,3,2,TRUE,135,
354,Banette,['Ghost'],455,64,115,65,83,63,65,Ghost,Ghost,0,0,3,2,TRUE,135,
355,Duskull,['Ghost'],295,20,40,90,30,90,25,Ghost,Ghost,0,0,3,1,TRUE,136,
356,Dusclops,['Ghost'],455,40,70,130,60,130,25,Ghost,Ghost,0,0,3,2,TRUE,136,
357,Tropius,"['Grass', 'Flying']",460,99,68,83,72,87,51,Grass,Flying,0,0,3,0,FALSE,NA,
358,Chimecho,['Psychic'],425,65,50,70,95,80,65,Psychic,Psychic,0,0,3,2,TRUE,137,
359,AbsolMega Absol,['Dark'],565,65,150,60,115,60,115,Dark,Dark,1,0,3,0,FALSE,NA,
359,Absol,['Dark'],465,65,130,60,75,60,75,Dark,Dark,0,0,3,0,FALSE,NA,
360,Wynaut,['Psychic'],260,95,23,48,23,48,23,Psychic,Psychic,0,0,3,1,TRUE,85,
361,Snorunt,['Ice'],300,50,50,50,50,50,50,Ice,Ice,0,0,3,1,TRUE,138,
362,GlalieMega Glalie,['Ice'],580,80,120,80,120,80,100,Ice,Ice,1,0,3,2,TRUE,138,
362,Glalie,['Ice'],480,80,80,80,80,80,80,Ice,Ice,0,0,3,2,TRUE,138,
363,Spheal,"['Ice', 'Water']",290,70,40,50,55,50,25,Ice,Water,0,0,3,1,TRUE,139,
364,Sealeo,"['Ice', 'Water']",410,90,60,70,75,70,45,Ice,Water,0,0,3,2,TRUE,139,
365,Walrein,"['Ice', 'Water']",530,110,80,90,95,90,65,Ice,Water,0,0,3,3,TRUE,139,
366,Clamperl,['Water'],345,35,64,85,74,55,32,Water,Water,0,0,3,1,TRUE,140,
367,Huntail,['Water'],485,55,104,105,94,75,52,Water,Water,0,0,3,2,TRUE,140,
368,Gorebyss,['Water'],485,55,84,105,114,75,52,Water,Water,0,0,3,2,TRUE,140,
369,Relicanth,"['Water', 'Rock']",485,100,90,130,45,65,55,Water,Rock,0,0,3,0,FALSE,NA,
370,Luvdisc,['Water'],330,43,30,55,40,65,97,Water,Water,0,0,3,0,FALSE,NA,
371,Bagon,['Dragon'],300,45,75,60,40,30,50,Dragon,Dragon,0,0,3,1,TRUE,141,
372,Shelgon,['Dragon'],420,65,95,100,60,50,50,Dragon,Dragon,0,0,3,2,TRUE,141,
373,SalamenceMega Salamence,"['Dragon', 'Flying']",700,95,145,130,120,90,120,Dragon,Flying,1,0,3,3,TRUE,141,
373,Salamence,"['Dragon', 'Flying']",600,95,135,80,110,80,100,Dragon,Flying,0,0,3,3,TRUE,141,
374,Beldum,"['Steel', 'Psychic']",300,40,55,80,35,60,30,Steel,Psychic,0,0,3,1,TRUE,142,
375,Metang,"['Steel', 'Psychic']",420,60,75,100,55,80,50,Steel,Psychic,0,0,3,2,TRUE,142,
376,MetagrossMega Metagross,"['Steel', 'Psychic']",700,80,145,150,105,110,110,Steel,Psychic,1,0,3,3,TRUE,142,
376,Metagross,"['Steel', 'Psychic']",600,80,135,130,95,90,70,Steel,Psychic,0,0,3,3,TRUE,142,
377,Regirock,['Rock'],580,80,100,200,50,100,50,Rock,Rock,0,1,3,0,FALSE,NA,
378,Regice,['Ice'],580,80,50,100,100,200,50,Ice,Ice,0,1,3,0,FALSE,NA,
379,Registeel,['Steel'],580,80,75,150,75,150,50,Steel,Steel,0,1,3,0,FALSE,NA,
380,LatiasMega Latias,"['Dragon', 'Psychic']",700,80,100,120,140,150,110,Dragon,Psychic,1,1,3,0,FALSE,NA,
380,Latias,"['Dragon', 'Psychic']",600,80,80,90,110,130,110,Dragon,Psychic,0,1,3,0,FALSE,NA,
381,LatiosMega Latios,"['Dragon', 'Psychic']",700,80,130,100,160,120,110,Dragon,Psychic,1,1,3,0,FALSE,NA,
381,Latios,"['Dragon', 'Psychic']",600,80,90,80,130,110,110,Dragon,Psychic,0,1,3,0,FALSE,NA,
382,KyogrePrimal Kyogre,['Water'],770,100,150,90,180,160,90,Water,Water,0,1,3,0,FALSE,NA,
382,Kyogre,['Water'],670,100,100,90,150,140,90,Water,Water,0,1,3,0,FALSE,NA,
383,GroudonPrimal Groudon,"['Ground', 'Fire']",770,100,180,160,150,90,90,Ground,Fire,0,1,3,0,FALSE,NA,
383,Groudon,['Ground'],670,100,150,140,100,90,90,Ground,Ground,0,1,3,0,FALSE,NA,
384,RayquazaMega Rayquaza,"['Dragon', 'Flying']",780,105,180,100,180,100,115,Dragon,Flying,1,1,3,0,FALSE,NA,
384,Rayquaza,"['Dragon', 'Flying']",680,105,150,90,150,90,95,Dragon,Flying,0,1,3,0,FALSE,NA,
385,Jirachi,"['Steel', 'Psychic']",600,100,100,100,100,100,100,Steel,Psychic,0,1,3,0,FALSE,NA,
386,DeoxysNormal Forme,['Psychic'],600,50,150,50,150,50,150,Psychic,Psychic,0,1,3,0,FALSE,NA,
386,DeoxysAttack Forme,['Psychic'],600,50,180,20,180,20,150,Psychic,Psychic,0,1,3,0,FALSE,NA,
386,DeoxysDefense Forme,['Psychic'],600,50,70,160,70,160,90,Psychic,Psychic,0,1,3,0,FALSE,NA,
386,DeoxysSpeed Forme,['Psychic'],600,50,95,90,95,90,180,Psychic,Psychic,0,1,3,0,FALSE,NA,
387,Turtwig,['Grass'],318,55,68,64,45,55,31,Grass,Grass,0,0,4,1,TRUE,143,
388,Grotle,['Grass'],405,75,89,85,55,65,36,Grass,Grass,0,0,4,2,TRUE,143,
389,Torterra,"['Grass', 'Ground']",525,95,109,105,75,85,56,Grass,Ground,0,0,4,3,TRUE,143,
390,Chimchar,['Fire'],309,44,58,44,58,44,61,Fire,Fire,0,0,4,1,TRUE,144,
391,Monferno,"['Fire', 'Fighting']",405,64,78,52,78,52,81,Fire,Fighting,0,0,4,2,TRUE,144,
392,Infernape,"['Fire', 'Fighting']",534,76,104,71,104,71,108,Fire,Fighting,0,0,4,3,TRUE,144,
393,Piplup,['Water'],314,53,51,53,61,56,40,Water,Water,0,0,4,1,TRUE,145,
394,Prinplup,['Water'],405,64,66,68,81,76,50,Water,Water,0,0,4,2,TRUE,145,
395,Empoleon,"['Water', 'Steel']",530,84,86,88,111,101,60,Water,Steel,0,0,4,3,TRUE,145,
396,Starly,"['Normal', 'Flying']",245,40,55,30,30,30,60,Normal,Flying,0,0,4,1,TRUE,146,
397,Staravia,"['Normal', 'Flying']",340,55,75,50,40,40,80,Normal,Flying,0,0,4,2,TRUE,146,
398,Staraptor,"['Normal', 'Flying']",485,85,120,70,50,60,100,Normal,Flying,0,0,4,3,TRUE,146,
399,Bidoof,['Normal'],250,59,45,40,35,40,31,Normal,Normal,0,0,4,1,TRUE,147,
400,Bibarel,"['Normal', 'Water']",410,79,85,60,55,60,71,Normal,Water,0,0,4,2,TRUE,147,
401,Kricketot,['Bug'],194,37,25,41,25,41,25,Bug,Bug,0,0,4,1,TRUE,148,
402,Kricketune,['Bug'],384,77,85,51,55,51,65,Bug,Bug,0,0,4,2,TRUE,148,
403,Shinx,['Electric'],263,45,65,34,40,34,45,Electric,Electric,0,0,4,1,TRUE,149,
404,Luxio,['Electric'],363,60,85,49,60,49,60,Electric,Electric,0,0,4,2,TRUE,149,
405,Luxray,['Electric'],523,80,120,79,95,79,70,Electric,Electric,0,0,4,3,TRUE,149,
406,Budew,"['Grass', 'Poison']",280,40,30,35,50,70,55,Grass,Poison,0,0,4,1,TRUE,120,
407,Roserade,"['Grass', 'Poison']",515,60,70,65,125,105,90,Grass,Poison,0,0,4,2,TRUE,120,
408,Cranidos,['Rock'],350,67,125,40,30,30,58,Rock,Rock,0,0,4,1,TRUE,150,
409,Rampardos,['Rock'],495,97,165,60,65,50,58,Rock,Rock,0,0,4,2,TRUE,150,
410,Shieldon,"['Rock', 'Steel']",350,30,42,118,42,88,30,Rock,Steel,0,0,4,1,TRUE,151,
411,Bastiodon,"['Rock', 'Steel']",495,60,52,168,47,138,30,Rock,Steel,0,0,4,2,TRUE,151,
412,Burmy,['Bug'],224,40,29,45,29,45,36,Bug,Bug,0,0,4,1,TRUE,152,
413,Wormadam,"['Bug', 'Grass']",424,60,59,85,79,105,36,Bug,Grass,0,0,4,2,TRUE,152,
414,Mothim,"['Bug', 'Flying']",424,70,94,50,94,50,66,Bug,Flying,0,0,4,2,TRUE,152,
415,Combee,"['Bug', 'Flying']",244,30,30,42,30,42,70,Bug,Flying,0,0,4,1,TRUE,153,TRUE
416,Vespiquen,"['Bug', 'Flying']",474,70,80,102,80,102,40,Bug,Flying,0,0,4,2,TRUE,153,
417,Pachirisu,['Electric'],405,60,45,70,45,90,95,Electric,Electric,0,0,4,0,FALSE,NA,
418,Buizel,['Water'],330,55,65,35,60,30,85,Water,Water,0,0,4,1,TRUE,154,
419,Floatzel,['Water'],495,85,105,55,85,50,115,Water,Water,0,0,4,2,TRUE,154,
420,Cherubi,['Grass'],275,45,35,45,62,53,35,Grass,Grass,0,0,4,1,TRUE,155,TRUE
421,Cherrim,['Grass'],450,70,60,70,87,78,85,Grass,Grass,0,0,4,2,TRUE,155,TRUE
422,Shellos,['Water'],325,76,48,48,57,62,34,Water,Water,0,0,4,1,TRUE,156,
423,Gastrodon,"['Water', 'Ground']",475,111,83,68,92,82,39,Water,Ground,0,0,4,2,TRUE,156,
424,Ambipom,['Normal'],482,75,100,66,60,66,115,Normal,Normal,0,0,4,2,TRUE,79,TRUE
425,Drifloon,"['Ghost', 'Flying']",348,90,50,34,60,44,70,Ghost,Flying,0,0,4,1,TRUE,157,TRUE
426,Drifblim,"['Ghost', 'Flying']",498,150,80,44,90,54,80,Ghost,Flying,0,0,4,2,TRUE,157,TRUE
427,Buneary,['Normal'],350,55,66,44,44,56,85,Normal,Normal,0,0,4,1,TRUE,158,
428,LopunnyMega Lopunny,"['Normal', 'Fighting']",580,65,136,94,54,96,135,Normal,Fighting,1,0,4,2,TRUE,158,
428,Lopunny,['Normal'],480,65,76,84,54,96,105,Normal,Normal,0,0,4,2,TRUE,158,
429,Mismagius,['Ghost'],495,60,60,60,105,105,105,Ghost,Ghost,0,0,4,2,TRUE,84,
430,Honchkrow,"['Dark', 'Flying']",505,100,125,52,105,52,71,Dark,Flying,0,0,4,2,TRUE,83,
431,Glameow,['Normal'],310,49,55,42,42,37,85,Normal,Normal,0,0,4,1,TRUE,159,
432,Purugly,['Normal'],452,71,82,64,64,59,112,Normal,Normal,0,0,4,2,TRUE,159,
433,Chingling,['Psychic'],285,45,30,50,65,50,45,Psychic,Psychic,0,0,4,1,TRUE,137,
434,Stunky,"['Poison', 'Dark']",329,63,63,47,41,41,74,Poison,Dark,0,0,4,1,TRUE,160,
435,Skuntank,"['Poison', 'Dark']",479,103,93,67,71,61,84,Poison,Dark,0,0,4,2,TRUE,160,
436,Bronzor,"['Steel', 'Psychic']",300,57,24,86,24,86,23,Steel,Psychic,0,0,4,1,TRUE,161,
437,Bronzong,"['Steel', 'Psychic']",500,67,89,116,79,116,33,Steel,Psychic,0,0,4,2,TRUE,161,
438,Bonsly,['Rock'],290,50,80,95,10,45,10,Rock,Rock,0,0,4,1,TRUE,162,
439,Mime Jr.,"['Psychic', 'Fairy']",310,20,25,45,70,90,60,Psychic,Fairy,0,0,4,1,TRUE,54,
440,Happiny,['Normal'],220,100,5,5,15,65,30,Normal,Normal,0,0,4,1,TRUE,49,
441,Chatot,"['Normal', 'Flying']",411,76,65,45,92,42,91,Normal,Flying,0,0,4,0,FALSE,NA,
442,Spiritomb,"['Ghost', 'Dark']",485,50,92,108,92,108,35,Ghost,Dark,0,0,4,0,FALSE,NA,
443,Gible,"['Dragon', 'Ground']",300,58,70,45,40,45,42,Dragon,Ground,0,0,4,1,TRUE,163,
444,Gabite,"['Dragon', 'Ground']",410,68,90,65,50,55,82,Dragon,Ground,0,0,4,2,TRUE,163,
445,GarchompMega Garchomp,"['Dragon', 'Ground']",700,108,170,115,120,95,92,Dragon,Ground,1,0,4,3,TRUE,163,
445,Garchomp,"['Dragon', 'Ground']",600,108,130,95,80,85,102,Dragon,Ground,0,0,4,3,TRUE,163,
446,Munchlax,['Normal'],390,135,85,40,40,85,5,Normal,Normal,0,0,4,1,TRUE,64,
447,Riolu,['Fighting'],285,40,70,40,35,40,60,Fighting,Fighting,0,0,4,1,TRUE,164,
448,LucarioMega Lucario,"['Fighting', 'Steel']",625,70,145,88,140,70,112,Fighting,Steel,1,0,4,2,TRUE,164,
448,Lucario,"['Fighting', 'Steel']",525,70,110,70,115,70,90,Fighting,Steel,0,0,4,2,TRUE,164,
449,Hippopotas,['Ground'],330,68,72,78,38,42,32,Ground,Ground,0,0,4,1,TRUE,165,
450,Hippowdon,['Ground'],525,108,112,118,68,72,47,Ground,Ground,0,0,4,2,TRUE,165,
451,Skorupi,"['Poison', 'Bug']",330,40,50,90,30,55,65,Poison,Bug,0,0,4,1,TRUE,166,
452,Drapion,"['Poison', 'Dark']",500,70,90,110,60,75,95,Poison,Dark,0,0,4,2,TRUE,166,TRUE
453,Croagunk,"['Poison', 'Fighting']",300,48,61,40,61,40,50,Poison,Fighting,0,0,4,1,TRUE,167,
454,Toxicroak,"['Poison', 'Fighting']",490,83,106,65,86,65,85,Poison,Fighting,0,0,4,2,TRUE,167,
455,Carnivine,['Grass'],454,74,100,72,90,72,46,Grass,Grass,0,0,4,0,FALSE,NA,TRUE
456,Finneon,['Water'],330,49,49,56,49,61,66,Water,Water,0,0,4,1,TRUE,168,
457,Lumineon,['Water'],460,69,69,76,69,86,91,Water,Water,0,0,4,2,TRUE,168,
458,Mantyke,"['Water', 'Flying']",345,45,20,50,60,120,50,Water,Flying,0,0,4,1,TRUE,94,
459,Snover,"['Grass', 'Ice']",334,60,62,50,62,60,40,Grass,Ice,0,0,4,1,TRUE,169,TRUE
460,AbomasnowMega Abomasnow,"['Grass', 'Ice']",594,90,132,105,132,105,30,Grass,Ice,1,0,4,2,TRUE,169,TRUE
460,Abomasnow,"['Grass', 'Ice']",494,90,92,75,92,85,60,Grass,Ice,0,0,4,2,TRUE,169,TRUE
461,Weavile,"['Dark', 'Ice']",510,70,120,65,45,85,125,Dark,Ice,0,0,4,2,TRUE,89,
462,Magnezone,"['Electric', 'Steel']",535,70,70,115,130,90,60,Electric,Steel,0,0,4,3,TRUE,34,
463,Lickilicky,['Normal'],515,110,85,95,80,95,50,Normal,Normal,0,0,4,1,TRUE,258,TRUE
464,Rhyperior,"['Ground', 'Rock']",535,115,140,130,55,55,40,Ground,Rock,0,0,4,3,TRUE,48,TRUE
465,Tangrowth,['Grass'],535,100,100,125,110,50,50,Grass,Grass,0,0,4,2,TRUE,50,TRUE
466,Electivire,['Electric'],540,75,123,67,95,85,95,Electric,Electric,0,0,4,3,TRUE,57,
467,Magmortar,['Fire'],540,75,95,67,125,95,83,Fire,Fire,0,0,4,3,TRUE,58,
468,Togekiss,"['Fairy', 'Flying']",545,85,50,95,120,115,80,Fairy,Flying,0,0,4,3,TRUE,74,
469,Yanmega,"['Bug', 'Flying']",515,86,76,86,116,56,95,Bug,Flying,0,0,4,2,TRUE,81,
470,Leafeon,['Grass'],525,65,110,130,60,65,95,Grass,Grass,0,0,4,2,TRUE,60,
471,Glaceon,['Ice'],525,65,60,110,130,95,65,Ice,Ice,0,0,4,2,TRUE,60,
472,Gliscor,"['Ground', 'Flying']",510,75,95,125,45,75,95,Ground,Flying,0,0,4,2,TRUE,87,
473,Mamoswine,"['Ice', 'Ground']",530,110,130,80,70,60,80,Ice,Ground,0,0,4,3,TRUE,92,
474,Porygon-Z,['Normal'],535,85,80,70,135,75,90,Normal,Normal,0,0,4,3,TRUE,61,
475,GalladeMega Gallade,"['Psychic', 'Fighting']",618,68,165,95,65,115,110,Psychic,Fighting,1,0,4,3,TRUE,108,
475,Gallade,"['Psychic', 'Fighting']",518,68,125,65,65,115,80,Psychic,Fighting,0,0,4,3,TRUE,108,
476,Probopass,"['Rock', 'Steel']",525,60,55,145,75,150,40,Rock,Steel,0,0,4,2,TRUE,115,
477,Dusknoir,['Ghost'],525,45,100,135,65,135,45,Ghost,Ghost,0,0,4,3,TRUE,136,
478,Froslass,"['Ice', 'Ghost']",480,70,80,70,80,70,110,Ice,Ghost,0,0,4,2,TRUE,138,
479,Rotom,"['Electric', 'Ghost']",440,50,50,77,95,77,91,Electric,Ghost,0,0,4,0,FALSE,NA,TRUE
480,Uxie,['Psychic'],580,75,75,130,75,130,95,Psychic,Psychic,0,1,4,0,FALSE,NA,
481,Mesprit,['Psychic'],580,80,105,105,105,105,80,Psychic,Psychic,0,1,4,0,FALSE,NA,
482,Azelf,['Psychic'],580,75,125,70,125,70,115,Psychic,Psychic,0,1,4,0,FALSE,NA,
483,Dialga,"['Steel', 'Dragon']",680,100,120,120,150,100,90,Steel,Dragon,0,1,4,0,FALSE,NA,
484,Palkia,"['Water', 'Dragon']",680,90,120,100,150,120,100,Water,Dragon,0,1,4,0,FALSE,NA,
485,Heatran,"['Fire', 'Steel']",600,91,90,106,130,106,77,Fire,Steel,0,1,4,0,FALSE,NA,
486,Regigigas,['Normal'],670,110,160,110,80,110,100,Normal,Normal,0,1,4,0,FALSE,NA,
487,GiratinaAltered Forme,"['Ghost', 'Dragon']",680,150,100,120,100,120,90,Ghost,Dragon,0,1,4,0,FALSE,NA,
487,GiratinaOrigin Forme,"['Ghost', 'Dragon']",680,150,120,100,120,100,90,Ghost,Dragon,0,1,4,0,FALSE,NA,
488,Cresselia,['Psychic'],600,120,70,120,75,130,85,Psychic,Psychic,0,1,4,0,FALSE,NA,
489,Phione,['Water'],480,80,80,80,80,80,80,Water,Water,0,1,4,0,FALSE,NA,
490,Manaphy,['Water'],600,100,100,100,100,100,100,Water,Water,0,1,4,0,FALSE,NA,
491,Darkrai,['Dark'],600,70,90,90,135,90,125,Dark,Dark,0,1,4,0,FALSE,NA,
492,ShayminLand Forme,['Grass'],600,100,100,100,100,100,100,Grass,Grass,0,1,4,0,FALSE,NA,
492,ShayminSky Forme,"['Grass', 'Flying']",600,100,103,75,120,75,127,Grass,Flying,0,1,4,0,FALSE,NA,
493,Arceus,['Normal'],720,120,120,120,120,120,120,Normal,Normal,0,1,4,0,FALSE,NA,
494,Victini,"['Psychic', 'Fire']",600,100,100,100,100,100,100,Psychic,Fire,0,1,5,0,FALSE,NA,
495,Snivy,['Grass'],308,45,45,55,45,55,63,Grass,Grass,0,0,5,1,TRUE,169,
496,Servine,['Grass'],413,60,60,75,60,75,83,Grass,Grass,0,0,5,2,TRUE,169,
497,Serperior,['Grass'],528,75,75,95,75,95,113,Grass,Grass,0,0,5,3,TRUE,169,
498,Tepig,['Fire'],308,65,63,45,45,45,45,Fire,Fire,0,0,5,1,TRUE,170,
499,Pignite,"['Fire', 'Fighting']",418,90,93,55,70,55,55,Fire,Fighting,0,0,5,2,TRUE,170,
500,Emboar,"['Fire', 'Fighting']",528,110,123,65,100,65,65,Fire,Fighting,0,0,5,3,TRUE,170,
501,Oshawott,['Water'],308,55,55,45,63,45,45,Water,Water,0,0,5,1,TRUE,180,
502,Dewott,['Water'],413,75,75,60,83,60,60,Water,Water,0,0,5,2,TRUE,180,
503,Samurott,['Water'],528,95,100,85,108,70,70,Water,Water,0,0,5,3,TRUE,180,
504,Patrat,['Normal'],255,45,55,39,35,39,42,Normal,Normal,0,0,5,1,TRUE,181,
505,Watchog,['Normal'],420,60,85,69,60,69,77,Normal,Normal,0,0,5,2,TRUE,181,
506,Lillipup,['Normal'],275,45,60,45,25,45,55,Normal,Normal,0,0,5,1,TRUE,182,
507,Herdier,['Normal'],370,65,80,65,35,65,60,Normal,Normal,0,0,5,2,TRUE,182,
508,Stoutland,['Normal'],500,85,110,90,45,90,80,Normal,Normal,0,0,5,3,TRUE,182,
509,Purrloin,['Dark'],281,41,50,37,50,37,66,Dark,Dark,0,0,5,1,TRUE,183,
510,Liepard,['Dark'],446,64,88,50,88,50,106,Dark,Dark,0,0,5,2,TRUE,183,
511,Pansage,['Grass'],316,50,53,48,53,48,64,Grass,Grass,0,0,5,1,TRUE,237,
512,Simisage,['Grass'],498,75,98,63,98,63,101,Grass,Grass,0,0,5,2,TRUE,237,
513,Pansear,['Fire'],316,50,53,48,53,48,64,Fire,Fire,0,0,5,1,TRUE,184,
514,Simisear,['Fire'],498,75,98,63,98,63,101,Fire,Fire,0,0,5,2,TRUE,184,
515,Panpour,['Water'],316,50,53,48,53,48,64,Water,Water,0,0,5,1,TRUE,185,
516,Simipour,['Water'],498,75,98,63,98,63,101,Water,Water,0,0,5,2,TRUE,185,
517,Munna,['Psychic'],292,76,25,45,67,55,24,Psychic,Psychic,0,0,5,1,TRUE,186,
518,Musharna,['Psychic'],487,116,55,85,107,95,29,Psychic,Psychic,0,0,5,2,TRUE,186,
519,Pidove,"['Normal', 'Flying']",264,50,55,50,36,30,43,Normal,Flying,0,0,5,1,TRUE,187,
520,Tranquill,"['Normal', 'Flying']",358,62,77,62,50,42,65,Normal,Flying,0,0,5,2,TRUE,187,
521,Unfezant,"['Normal', 'Flying']",488,80,115,80,65,55,93,Normal,Flying,0,0,5,3,TRUE,187,
522,Blitzle,['Electric'],295,45,60,32,50,32,76,Electric,Electric,0,0,5,1,TRUE,188,
523,Zebstrika,['Electric'],497,75,100,63,80,63,116,Electric,Electric,0,0,5,2,TRUE,188,
524,Roggenrola,['Rock'],280,55,75,85,25,25,15,Rock,Rock,0,0,5,1,TRUE,189,TRUE
525,Boldore,['Rock'],390,70,105,105,50,40,20,Rock,Rock,0,0,5,2,TRUE,189,TRUE
526,Gigalith,['Rock'],515,85,135,130,60,80,25,Rock,Rock,0,0,5,3,TRUE,189,TRUE
527,Woobat,"['Psychic', 'Flying']",313,55,45,43,55,43,72,Psychic,Flying,0,0,5,1,TRUE,190,
528,Swoobat,"['Psychic', 'Flying']",425,67,57,55,77,55,114,Psychic,Flying,0,0,5,2,TRUE,190,
529,Drilbur,['Ground'],328,60,85,40,30,45,68,Ground,Ground,0,0,5,1,TRUE,191,
530,Excadrill,"['Ground', 'Steel']",508,110,135,60,50,65,88,Ground,Steel,0,0,5,2,TRUE,191,
531,AudinoMega Audino,"['Normal', 'Fairy']",545,103,60,126,80,126,50,Normal,Fairy,1,0,5,0,FALSE,NA,
531,Audino,['Normal'],445,103,60,86,60,86,50,Normal,Normal,0,0,5,0,FALSE,NA,
532,Timburr,['Fighting'],305,75,80,55,25,35,35,Fighting,Fighting,0,0,5,1,TRUE,192,
533,Gurdurr,['Fighting'],405,85,105,85,40,50,40,Fighting,Fighting,0,0,5,2,TRUE,192,
534,Conkeldurr,['Fighting'],505,105,140,95,55,65,45,Fighting,Fighting,0,0,5,3,TRUE,192,
535,Tympole,['Water'],294,50,50,40,50,40,64,Water,Water,0,0,5,1,TRUE,193,
536,Palpitoad,"['Water', 'Ground']",384,75,65,55,65,55,69,Water,Ground,0,0,5,2,TRUE,193,
537,Seismitoad,"['Water', 'Ground']",509,105,95,75,85,75,74,Water,Ground,0,0,5,3,TRUE,193,
538,Throh,['Fighting'],465,120,100,85,30,85,45,Fighting,Fighting,0,0,5,0,FALSE,NA,TRUE
539,Sawk,['Fighting'],465,75,125,75,30,75,85,Fighting,Fighting,0,0,5,0,FALSE,NA,TRUE
540,Sewaddle,"['Bug', 'Grass']",310,45,53,70,40,60,42,Bug,Grass,0,0,5,1,TRUE,194,
541,Swadloon,"['Bug', 'Grass']",380,55,63,90,50,80,42,Bug,Grass,0,0,5,2,TRUE,194,
542,Leavanny,"['Bug', 'Grass']",500,75,103,80,70,80,92,Bug,Grass,0,0,5,3,TRUE,194,
543,Venipede,"['Bug', 'Poison']",260,30,45,59,30,39,57,Bug,Poison,0,0,5,1,TRUE,195,
544,Whirlipede,"['Bug', 'Poison']",360,40,55,99,40,79,47,Bug,Poison,0,0,5,2,TRUE,195,
545,Scolipede,"['Bug', 'Poison']",485,60,100,89,55,69,112,Bug,Poison,0,0,5,3,TRUE,195,
546,Cottonee,"['Grass', 'Fairy']",280,40,27,60,37,50,66,Grass,Fairy,0,0,5,1,TRUE,196,
547,Whimsicott,"['Grass', 'Fairy']",480,60,67,85,77,75,116,Grass,Fairy,0,0,5,2,TRUE,196,
548,Petilil,['Grass'],280,45,35,50,70,50,30,Grass,Grass,0,0,5,1,TRUE,197,
549,Lilligant,['Grass'],480,70,60,75,110,75,90,Grass,Grass,0,0,5,2,TRUE,197,
550,Basculin,['Water'],460,70,92,65,80,55,98,Water,Water,0,0,5,0,FALSE,NA,
551,Sandile,"['Ground', 'Dark']",292,50,72,35,35,35,65,Ground,Dark,0,0,5,1,TRUE,198,
552,Krokorok,"['Ground', 'Dark']",351,60,82,45,45,45,74,Ground,Dark,0,0,5,2,TRUE,198,
553,Krookodile,"['Ground', 'Dark']",519,95,117,80,65,70,92,Ground,Dark,0,0,5,3,TRUE,198,
554,Darumaka,['Fire'],315,70,90,45,15,45,50,Fire,Fire,0,0,5,1,TRUE,199,
555,DarmanitanStandard Mode,['Fire'],480,105,140,55,30,55,95,Fire,Fire,0,0,5,2,TRUE,199,
556,Maractus,['Grass'],461,75,86,67,106,67,60,Grass,Grass,0,0,5,0,FALSE,NA,
557,Dwebble,"['Bug', 'Rock']",325,50,65,85,35,35,55,Bug,Rock,0,0,5,1,TRUE,200,
558,Crustle,"['Bug', 'Rock']",475,70,95,125,65,75,45,Bug,Rock,0,0,5,2,TRUE,200,
559,Scraggy,"['Dark', 'Fighting']",348,50,75,70,35,70,48,Dark,Fighting,0,0,5,1,TRUE,201,TRUE
560,Scrafty,"['Dark', 'Fighting']",488,65,90,115,45,115,58,Dark,Fighting,0,0,5,2,TRUE,201,TRUE
561,Sigilyph,"['Psychic', 'Flying']",490,72,58,80,103,80,97,Psychic,Flying,0,0,5,0,FALSE,NA,
562,Yamask,['Ghost'],303,38,30,85,55,65,30,Ghost,Ghost,0,0,5,1,TRUE,202,TRUE
563,Cofagrigus,['Ghost'],483,58,50,145,95,105,30,Ghost,Ghost,0,0,5,2,TRUE,202,TRUE
564,Tirtouga,"['Water', 'Rock']",355,54,78,103,53,45,22,Water,Rock,0,0,5,1,TRUE,203,
565,Carracosta,"['Water', 'Rock']",495,74,108,133,83,65,32,Water,Rock,0,0,5,2,TRUE,203,
566,Archen,"['Rock', 'Flying']",401,55,112,45,74,45,70,Rock,Flying,0,0,5,1,TRUE,204,
567,Archeops,"['Rock', 'Flying']",567,75,140,65,112,65,110,Rock,Flying,0,0,5,2,TRUE,204,
568,Trubbish,['Poison'],329,50,50,62,40,62,65,Poison,Poison,0,0,5,1,TRUE,205,TRUE
569,Garbodor,['Poison'],474,80,95,82,60,82,75,Poison,Poison,0,0,5,2,TRUE,205,TRUE
570,Zorua,['Dark'],330,40,65,40,80,40,65,Dark,Dark,0,0,5,1,TRUE,206,
571,Zoroark,['Dark'],510,60,105,60,120,60,105,Dark,Dark,0,0,5,2,TRUE,206,
572,Minccino,['Normal'],300,55,50,40,40,40,75,Normal,Normal,0,0,5,1,TRUE,207,
573,Cinccino,['Normal'],470,75,95,60,65,60,115,Normal,Normal,0,0,5,2,TRUE,207,
574,Gothita,['Psychic'],290,45,30,50,55,65,45,Psychic,Psychic,0,0,5,1,TRUE,208,TRUE
575,Gothorita,['Psychic'],390,60,45,70,75,85,55,Psychic,Psychic,0,0,5,2,TRUE,208,TRUE
576,Gothitelle,['Psychic'],490,70,55,95,95,110,65,Psychic,Psychic,0,0,5,3,TRUE,208,TRUE
577,Solosis,['Psychic'],290,45,30,40,105,50,20,Psychic,Psychic,0,0,5,1,TRUE,209,
578,Duosion,['Psychic'],370,65,40,50,125,60,30,Psychic,Psychic,0,0,5,2,TRUE,209,
579,Reuniclus,['Psychic'],490,110,65,75,125,85,30,Psychic,Psychic,0,0,5,3,TRUE,209,
580,Ducklett,"['Water', 'Flying']",305,62,44,50,44,50,55,Water,Flying,0,0,5,1,TRUE,210,
581,Swanna,"['Water', 'Flying']",473,75,87,63,87,63,98,Water,Flying,0,0,5,2,TRUE,210,
582,Vanillite,['Ice'],305,36,50,50,65,60,44,Ice,Ice,0,0,5,1,TRUE,211,TRUE
583,Vanillish,['Ice'],395,51,65,65,80,75,59,Ice,Ice,0,0,5,2,TRUE,211,TRUE
584,Vanilluxe,['Ice'],535,71,95,85,110,95,79,Ice,Ice,0,0,5,3,TRUE,211,TRUE
585,Deerling,"['Normal', 'Grass']",335,60,60,50,40,50,75,Normal,Grass,0,0,5,1,TRUE,212,
586,Sawsbuck,"['Normal', 'Grass']",475,80,100,70,60,70,95,Normal,Grass,0,0,5,2,TRUE,212,
587,Emolga,"['Electric', 'Flying']",428,55,75,60,75,60,103,Electric,Flying,0,0,5,0,FALSE,NA,
588,Karrablast,['Bug'],315,50,75,45,40,45,60,Bug,Bug,0,0,5,1,TRUE,213,
589,Escavalier,"['Bug', 'Steel']",495,70,135,105,60,105,20,Bug,Steel,0,0,5,2,TRUE,213,
590,Foongus,"['Grass', 'Poison']",294,69,55,45,55,55,15,Grass,Poison,0,0,5,1,TRUE,214,TRUE
591,Amoonguss,"['Grass', 'Poison']",464,114,85,70,85,80,30,Grass,Poison,0,0,5,2,TRUE,214,TRUE
592,Frillish,"['Water', 'Ghost']",335,55,40,50,65,85,40,Water,Ghost,0,0,5,1,TRUE,215,
593,Jellicent,"['Water', 'Ghost']",480,100,60,70,85,105,60,Water,Ghost,0,0,5,2,TRUE,215,
594,Alomomola,['Water'],470,165,75,80,40,45,65,Water,Water,0,0,5,0,FALSE,NA,
595,Joltik,"['Bug', 'Electric']",319,50,47,50,57,50,65,Bug,Electric,0,0,5,1,TRUE,216,
596,Galvantula,"['Bug', 'Electric']",472,70,77,60,97,60,108,Bug,Electric,0,0,5,2,TRUE,216,
597,Ferroseed,"['Grass', 'Steel']",305,44,50,91,24,86,10,Grass,Steel,0,0,5,1,TRUE,217,
598,Ferrothorn,"['Grass', 'Steel']",489,74,94,131,54,116,20,Grass,Steel,0,0,5,2,TRUE,217,
599,Klink,['Steel'],300,40,55,70,45,60,30,Steel,Steel,0,0,5,1,TRUE,218,TRUE
600,Klang,['Steel'],440,60,80,95,70,85,50,Steel,Steel,0,0,5,2,TRUE,218,TRUE
601,Klinklang,['Steel'],520,60,100,115,70,85,90,Steel,Steel,0,0,5,3,TRUE,218,TRUE
602,Tynamo,['Electric'],275,35,55,40,45,40,60,Electric,Electric,0,0,5,1,TRUE,219,
603,Eelektrik,['Electric'],405,65,85,70,75,70,40,Electric,Electric,0,0,5,2,TRUE,219,
604,Eelektross,['Electric'],515,85,115,80,105,80,50,Electric,Electric,0,0,5,3,TRUE,219,
605,Elgyem,['Psychic'],335,55,55,55,85,55,30,Psychic,Psychic,0,0,5,1,TRUE,220,
606,Beheeyem,['Psychic'],485,75,75,75,125,95,40,Psychic,Psychic,0,0,5,2,TRUE,220,
607,Litwick,"['Ghost', 'Fire']",275,50,30,55,65,55,20,Ghost,Fire,0,0,5,1,TRUE,221,TRUE
608,Lampent,"['Ghost', 'Fire']",370,60,40,60,95,60,55,Ghost,Fire,0,0,5,2,TRUE,221,TRUE
609,Chandelure,"['Ghost', 'Fire']",520,60,55,90,145,90,80,Ghost,Fire,0,0,5,3,TRUE,221,TRUE
610,Axew,['Dragon'],320,46,87,60,30,40,57,Dragon,Dragon,0,0,5,1,TRUE,222,
611,Fraxure,['Dragon'],410,66,117,70,40,50,67,Dragon,Dragon,0,0,5,2,TRUE,222,
612,Haxorus,['Dragon'],540,76,147,90,60,70,97,Dragon,Dragon,0,0,5,3,TRUE,222,
613,Cubchoo,['Ice'],305,55,70,40,60,40,40,Ice,Ice,0,0,5,1,TRUE,223,
614,Beartic,['Ice'],485,95,110,80,70,80,50,Ice,Ice,0,0,5,2,TRUE,223,
615,Cryogonal,['Ice'],485,70,50,30,95,135,105,Ice,Ice,0,0,5,0,FALSE,NA,
616,Shelmet,['Bug'],305,50,40,85,40,65,25,Bug,Bug,0,0,5,1,TRUE,224,
617,Accelgor,['Bug'],495,80,70,40,100,60,145,Bug,Bug,0,0,5,2,TRUE,224,
618,Stunfisk,"['Ground', 'Electric']",471,109,66,84,81,99,32,Ground,Electric,0,0,5,0,FALSE,NA,
619,Mienfoo,['Fighting'],350,45,85,50,55,50,65,Fighting,Fighting,0,0,5,1,TRUE,225,
620,Mienshao,['Fighting'],510,65,125,60,95,60,105,Fighting,Fighting,0,0,5,2,TRUE,225,
621,Druddigon,['Dragon'],485,77,120,90,60,90,48,Dragon,Dragon,0,0,5,0,FALSE,NA,
622,Golett,"['Ground', 'Ghost']",303,59,74,50,35,50,35,Ground,Ghost,0,0,5,1,TRUE,226,
623,Golurk,"['Ground', 'Ghost']",483,89,124,80,55,80,55,Ground,Ghost,0,0,5,2,TRUE,226,
624,Pawniard,"['Dark', 'Steel']",340,45,85,70,40,40,60,Dark,Steel,0,0,5,1,TRUE,227,
625,Bisharp,"['Dark', 'Steel']",490,65,125,100,60,70,70,Dark,Steel,0,0,5,2,TRUE,227,
626,Bouffalant,['Normal'],490,95,110,95,40,95,55,Normal,Normal,0,0,5,0,FALSE,NA,
627,Rufflet,"['Normal', 'Flying']",350,70,83,50,37,50,60,Normal,Flying,0,0,5,1,TRUE,228,
628,Braviary,"['Normal', 'Flying']",510,100,123,75,57,75,80,Normal,Flying,0,0,5,2,TRUE,228,
629,Vullaby,"['Dark', 'Flying']",370,70,55,75,45,65,60,Dark,Flying,0,0,5,1,TRUE,229,
630,Mandibuzz,"['Dark', 'Flying']",510,110,65,105,55,95,80,Dark,Flying,0,0,5,2,TRUE,229,
631,Heatmor,['Fire'],484,85,97,66,105,66,65,Fire,Fire,0,0,5,0,FALSE,NA,
632,Durant,"['Bug', 'Steel']",484,58,109,112,48,48,109,Bug,Steel,0,0,5,0,FALSE,NA,
633,Deino,"['Dark', 'Dragon']",300,52,65,50,45,50,38,Dark,Dragon,0,0,5,1,TRUE,230,
634,Zweilous,"['Dark', 'Dragon']",420,72,85,70,65,70,58,Dark,Dragon,0,0,5,2,TRUE,230,
635,Hydreigon,"['Dark', 'Dragon']",600,92,105,90,125,90,98,Dark,Dragon,0,0,5,3,TRUE,230,
636,Larvesta,"['Bug', 'Fire']",360,55,85,55,50,55,60,Bug,Fire,0,0,5,1,TRUE,231,
637,Volcarona,"['Bug', 'Fire']",550,85,60,65,135,105,100,Bug,Fire,0,0,5,2,TRUE,231,
638,Cobalion,"['Steel', 'Fighting']",580,91,90,129,90,72,108,Steel,Fighting,0,1,5,0,FALSE,NA,
639,Terrakion,"['Rock', 'Fighting']",580,91,129,90,72,90,108,Rock,Fighting,0,1,5,0,FALSE,NA,
640,Virizion,"['Grass', 'Fighting']",580,91,90,72,90,129,108,Grass,Fighting,0,1,5,0,FALSE,NA,
641,TornadusIncarnate Forme,['Flying'],580,79,115,70,125,80,111,Flying,Flying,0,1,5,0,FALSE,NA,
641,TornadusTherian Forme,['Flying'],580,79,100,80,110,90,121,Flying,Flying,0,1,5,0,FALSE,NA,
642,ThundurusIncarnate Forme,"['Electric', 'Flying']",580,79,115,70,125,80,111,Electric,Flying,0,1,5,0,FALSE,NA,
643,Reshiram,"['Dragon', 'Fire']",680,100,120,100,150,120,90,Dragon,Fire,0,1,5,0,FALSE,NA,
644,Zekrom,"['Dragon', 'Electric']",680,100,150,120,120,100,90,Dragon,Electric,0,1,5,0,FALSE,NA,
645,LandorusIncarnate Forme,"['Ground', 'Flying']",600,89,125,90,115,80,101,Ground,Flying,0,1,5,0,FALSE,NA,
645,LandorusTherian Forme,"['Ground', 'Flying']",600,89,145,90,105,80,91,Ground,Flying,0,1,5,0,FALSE,NA,
646,KyuremBlack Kyurem,"['Dragon', 'Ice']",700,125,170,100,120,90,95,Dragon,Ice,0,1,5,0,FALSE,NA,
646,KyuremWhite Kyurem,"['Dragon', 'Ice']",700,125,120,90,170,100,95,Dragon,Ice,0,1,5,0,FALSE,NA,
646,Kyurem,"['Dragon', 'Ice']",660,125,130,90,130,90,95,Dragon,Ice,0,1,5,0,FALSE,NA,
647,KeldeoOrdinary Forme,"['Water', 'Fighting']",580,91,72,90,129,90,108,Water,Fighting,0,1,5,0,FALSE,NA,
647,KeldeoResolute Forme,"['Water', 'Fighting']",580,91,72,90,129,90,108,Water,Fighting,0,1,5,0,FALSE,NA,
648,MeloettaAria Forme,"['Normal', 'Psychic']",600,100,77,77,128,128,90,Normal,Psychic,0,1,5,0,FALSE,NA,
648,MeloettaPirouette Forme,"['Normal', 'Fighting']",600,100,128,90,77,77,128,Normal,Fighting,0,1,5,0,FALSE,NA,
649,Genesect,"['Bug', 'Steel']",600,71,120,95,120,95,99,Bug,Steel,0,1,5,0,FALSE,NA,
650,Chespin,['Grass'],313,56,61,65,48,45,38,Grass,Grass,0,0,6,1,TRUE,232,
651,Quilladin,['Grass'],405,61,78,95,56,58,57,Grass,Grass,0,0,6,2,TRUE,232,
652,Chesnaught,"['Grass', 'Fighting']",530,88,107,122,74,75,64,Grass,Fighting,0,0,6,3,TRUE,232,
653,Fennekin,['Fire'],307,40,45,40,62,60,60,Fire,Fire,0,0,6,1,TRUE,233,
654,Braixen,['Fire'],409,59,59,58,90,70,73,Fire,Fire,0,0,6,2,TRUE,233,
655,Delphox,"['Fire', 'Psychic']",534,75,69,72,114,100,104,Fire,Psychic,0,0,6,3,TRUE,233,
656,Froakie,['Water'],314,41,56,40,62,44,71,Water,Water,0,0,6,1,TRUE,234,
657,Frogadier,['Water'],405,54,63,52,83,56,97,Water,Water,0,0,6,2,TRUE,234,
658,Greninja,"['Water', 'Dark']",530,72,95,67,103,71,122,Water,Dark,0,0,6,3,TRUE,234,
659,Bunnelby,['Normal'],237,38,36,38,32,36,57,Normal,Normal,0,0,6,1,TRUE,235,
660,Diggersby,"['Normal', 'Ground']",423,85,56,77,50,77,78,Normal,Ground,0,0,6,2,TRUE,235,
661,Fletchling,"['Normal', 'Flying']",278,45,50,43,40,38,62,Normal,Flying,0,0,6,1,TRUE,236,
662,Fletchinder,"['Fire', 'Flying']",382,62,73,55,56,52,84,Fire,Flying,0,0,6,2,TRUE,236,
663,Talonflame,"['Fire', 'Flying']",499,78,81,71,74,69,126,Fire,Flying,0,0,6,3,TRUE,236,
664,Scatterbug,['Bug'],200,38,35,40,27,25,35,Bug,Bug,0,0,6,1,TRUE,238,
665,Spewpa,['Bug'],213,45,22,60,27,30,29,Bug,Bug,0,0,6,2,TRUE,238,
666,Vivillon,"['Bug', 'Flying']",411,80,52,50,90,50,89,Bug,Flying,0,0,6,3,TRUE,238,
667,Litleo,"['Fire', 'Normal']",369,62,50,58,73,54,72,Fire,Normal,0,0,6,1,TRUE,239,
668,Pyroar,"['Fire', 'Normal']",507,86,68,72,109,66,106,Fire,Normal,0,0,6,2,TRUE,239,
669,Flabebe,['Fairy'],303,44,38,39,61,79,42,Fairy,Fairy,0,0,6,1,TRUE,240,TRUE
670,Floette,['Fairy'],371,54,45,47,75,98,52,Fairy,Fairy,0,0,6,2,TRUE,240,TRUE
671,Florges,['Fairy'],552,78,65,68,112,154,75,Fairy,Fairy,0,0,6,3,TRUE,240,TRUE
672,Skiddo,['Grass'],350,66,65,48,62,57,52,Grass,Grass,0,0,6,1,TRUE,241,
673,Gogoat,['Grass'],531,123,100,62,97,81,68,Grass,Grass,0,0,6,2,TRUE,241,
674,Pancham,['Fighting'],348,67,82,62,46,48,43,Fighting,Fighting,0,0,6,1,TRUE,242,
675,Pangoro,"['Fighting', 'Dark']",495,95,124,78,69,71,58,Fighting,Dark,0,0,6,2,TRUE,242,
676,Furfrou,['Normal'],472,75,80,60,65,90,102,Normal,Normal,0,0,6,0,FALSE,NA,
677,Espurr,['Psychic'],355,62,48,54,63,60,68,Psychic,Psychic,0,0,6,1,TRUE,243,
678,Meowstic,['Psychic'],466,74,48,76,83,81,104,Psychic,Psychic,0,0,6,2,TRUE,243,
679,Honedge,"['Steel', 'Ghost']",325,45,80,100,35,37,28,Steel,Ghost,0,0,6,1,TRUE,244,TRUE
680,Doublade,"['Steel', 'Ghost']",448,59,110,150,45,49,35,Steel,Ghost,0,0,6,2,TRUE,244,TRUE
681,AegislashBlade Forme,"['Steel', 'Ghost']",520,60,150,50,150,50,60,Steel,Ghost,0,0,6,3,TRUE,244,TRUE
682,Spritzee,['Fairy'],341,78,52,60,63,65,23,Fairy,Fairy,0,0,6,1,TRUE,245,
683,Aromatisse,['Fairy'],462,101,72,72,99,89,29,Fairy,Fairy,0,0,6,2,TRUE,245,
684,Swirlix,['Fairy'],341,62,48,66,59,57,49,Fairy,Fairy,0,0,6,1,TRUE,246,TRUE
685,Slurpuff,['Fairy'],480,82,80,86,85,75,72,Fairy,Fairy,0,0,6,2,TRUE,246,TRUE
686,Inkay,"['Dark', 'Psychic']",288,53,54,53,37,46,45,Dark,Psychic,0,0,6,1,TRUE,247,
687,Malamar,"['Dark', 'Psychic']",482,86,92,88,68,75,73,Dark,Psychic,0,0,6,2,TRUE,247,
688,Binacle,"['Rock', 'Water']",306,42,52,67,39,56,50,Rock,Water,0,0,6,1,TRUE,248,TRUE
689,Barbaracle,"['Rock', 'Water']",500,72,105,115,54,86,68,Rock,Water,0,0,6,2,TRUE,248,TRUE
690,Skrelp,"['Poison', 'Water']",320,50,60,60,60,60,30,Poison,Water,0,0,6,1,TRUE,249,TRUE
691,Dragalge,"['Poison', 'Dragon']",494,65,75,90,97,123,44,Poison,Dragon,0,0,6,2,TRUE,249,TRUE
692,Clauncher,['Water'],330,50,53,62,58,63,44,Water,Water,0,0,6,1,TRUE,250,
693,Clawitzer,['Water'],500,71,73,88,120,89,59,Water,Water,0,0,6,2,TRUE,250,
694,Helioptile,"['Electric', 'Normal']",289,44,38,33,61,43,70,Electric,Normal,0,0,6,1,TRUE,251,
695,Heliolisk,"['Electric', 'Normal']",481,62,55,52,109,94,109,Electric,Normal,0,0,6,2,TRUE,251,
696,Tyrunt,"['Rock', 'Dragon']",362,58,89,77,45,45,48,Rock,Dragon,0,0,6,1,TRUE,252,
697,Tyrantrum,"['Rock', 'Dragon']",521,82,121,119,69,59,71,Rock,Dragon,0,0,6,2,TRUE,252,
698,Amaura,"['Rock', 'Ice']",362,77,59,50,67,63,46,Rock,Ice,0,0,6,1,TRUE,253,
699,Aurorus,"['Rock', 'Ice']",521,123,77,72,99,92,58,Rock,Ice,0,0,6,2,TRUE,253,
700,Sylveon,['Fairy'],525,95,65,65,110,130,60,Fairy,Fairy,0,0,6,2,TRUE,60,
701,Hawlucha,"['Fighting', 'Flying']",500,78,92,75,74,63,118,Fighting,Flying,0,0,6,0,FALSE,NA,
702,Dedenne,"['Electric', 'Fairy']",431,67,58,57,81,67,101,Electric,Fairy,0,0,6,0,FALSE,NA,
703,Carbink,"['Rock', 'Fairy']",500,50,50,150,50,150,50,Rock,Fairy,0,0,6,0,FALSE,NA,
704,Goomy,['Dragon'],300,45,50,35,55,75,40,Dragon,Dragon,0,0,6,1,TRUE,254,
705,Sliggoo,['Dragon'],452,68,75,53,83,113,60,Dragon,Dragon,0,0,6,2,TRUE,254,
706,Goodra,['Dragon'],600,90,100,70,110,150,80,Dragon,Dragon,0,0,6,3,TRUE,254,
707,Klefki,"['Steel', 'Fairy']",470,57,80,91,80,87,75,Steel,Fairy,0,0,6,0,FALSE,NA,TRUE
708,Phantump,"['Ghost', 'Grass']",309,43,70,48,50,60,38,Ghost,Grass,0,0,6,1,TRUE,255,
709,Trevenant,"['Ghost', 'Grass']",474,85,110,76,65,82,56,Ghost,Grass,0,0,6,2,TRUE,255,
710,Pumpkaboo,"['Ghost', 'Grass']",335,49,66,70,44,55,51,Ghost,Grass,0,0,6,1,TRUE,256,
711,Gourgeist,"['Ghost', 'Grass']",494,65,90,122,58,75,84,Ghost,Grass,0,0,6,2,TRUE,256,
712,Bergmite,['Ice'],304,55,69,85,32,35,28,Ice,Ice,0,0,6,1,TRUE,257,
713,Avalugg,['Ice'],514,95,117,184,44,46,28,Ice,Ice,0,0,6,2,TRUE,257,
714,Noibat,"['Flying', 'Dragon']",245,40,30,35,45,40,55,Flying,Dragon,0,0,6,1,TRUE,258,
715,Noivern,"['Flying', 'Dragon']",535,85,70,80,97,80,123,Flying,Dragon,0,0,6,2,TRUE,258,
716,Xerneas,['Fairy'],680,126,131,95,131,98,99,Fairy,Fairy,0,1,6,0,FALSE,NA,
717,Yveltal,"['Dark', 'Flying']",680,126,131,95,131,98,99,Dark,Flying,0,1,6,0,FALSE,NA,
718,Zygarde,"['Dragon', 'Ground']",600,108,100,121,81,95,95,Dragon,Ground,0,1,6,0,FALSE,NA,
719,DiancieMega Diancie,"['Rock', 'Fairy']",700,50,160,110,160,110,110,Rock,Fairy,1,1,6,0,FALSE,NA,
719,Diancie,"['Rock', 'Fairy']",600,50,100,150,100,150,50,Rock,Fairy,0,1,6,0,FALSE,NA,
720,HoopaHoopa Confined,"['Psychic', 'Ghost']",600,80,110,60,150,130,70,Psychic,Ghost,0,1,6,0,FALSE,NA,
721,Volcanion,"['Fire', 'Water']",600,80,110,120,130,90,70,Fire,Water,0,1,6,0,FALSE,NA,